product_name,price,price_value,sku,stock_status,stock_quantity,categories,tags,tags_and_categories,tag_count,short_description,product_url,listing_page
Beedrill,£168.00,168.0,6542,125 in stock,125,Poison Bee | Pokemon,beedrill | Poison Bee | Swarm,Poison Bee | Pokemon | beedrill | Swarm,4,"Beedrill is extremely territorial. No one should ever approach its nest—this is for their own safety. If angered, they will attack in a furious swarm.",https://scrapeme.live/shop/Beedrill/,1
Blastoise,£76.00,76.0,5212,88 in stock,88,Pokemon | Shellfish,blastoise | Shellfish | Torrent,Pokemon | Shellfish | blastoise | Torrent,4,Blastoise has water spouts that protrude from its shell. The water spouts are very accurate. They can shoot bullets of water with enough accuracy to strike empty cans from a distance of over 160 feet.,https://scrapeme.live/shop/Blastoise/,1
Bulbasaur,£63.00,63.0,4391,45 in stock,45,Pokemon | Seed,bulbasaur | Overgrow | Seed,Pokemon | Seed | bulbasaur | Overgrow,4,"Bulbasaur can be seen napping in bright sunlight. There is a seed on its back. By soaking up the sun’s rays, the seed grows progressively larger.",https://scrapeme.live/shop/Bulbasaur/,1
Butterfree,£162.00,162.0,9507,242 in stock,242,Butterfly | Pokemon,Butterfly | butterfree | Compound Eyes,Butterfly | Pokemon | butterfree | Compound Eyes,4,"Butterfree has a superior ability to search for delicious honey from flowers. It can even search out, extract, and carry honey from flowers that are blooming over six miles from its nest.",https://scrapeme.live/shop/Butterfree/,1
Caterpie,£73.00,73.0,7492,40 in stock,40,Pokemon | Worm,caterpie | Shield Dust | Worm,Pokemon | Worm | caterpie | Shield Dust,4,"Caterpie has a voracious appetite. It can devour leaves bigger than its body right before your eyes. From its antenna, this Pokémon releases a terrifically strong odor.",https://scrapeme.live/shop/Caterpie/,1
Charizard,£156.00,156.0,8840,31 in stock,31,Flame | Pokemon,Blaze | Charizard | Flame,Flame | Pokemon | Blaze | Charizard,4,"Charizard flies around the sky in search of powerful opponents. It breathes fire of such great heat that it melts anything. However, it never turns its fiery breath on any opponent weaker than itself.",https://scrapeme.live/shop/Charizard/,1
Charmander,£48.00,48.0,9086,206 in stock,206,Lizard | Pokemon,Blaze | charmander | Lizard,Lizard | Pokemon | Blaze | charmander,4,"The flame that burns at the tip of its tail is an indication of its emotions. The flame wavers when Charmander is enjoying itself. If the Pokémon becomes enraged, the flame burns fiercely.",https://scrapeme.live/shop/Charmander/,1
Charmeleon,£165.00,165.0,6565,284 in stock,284,Flame | Pokemon,Blaze | charmeleon | Flame,Flame | Pokemon | Blaze | charmeleon,4,"Charmeleon mercilessly destroys its foes using its sharp claws. If it encounters a strong foe, it turns aggressive. In this excited state, the flame at the tip of its tail flares with a bluish white color.",https://scrapeme.live/shop/Charmeleon/,1
Ivysaur,£87.00,87.0,7227,142 in stock,142,Pokemon | Seed,ivysaur | Overgrow | Seed,Pokemon | Seed | ivysaur | Overgrow,4,"There is a bud on this Pokémon’s back. To support its weight, Ivysaur’s legs and trunk grow thick and strong. If it starts spending more time lying in the sunlight, it’s a sign that the bud will bloom into a large flower soon.",https://scrapeme.live/shop/Ivysaur/,1
Kakuna,£148.00,148.0,1049,260 in stock,260,Cocoon | Pokemon,Cocoon | kakuna | Shed Skin,Cocoon | Pokemon | kakuna | Shed Skin,4,"Kakuna remains virtually immobile as it clings to a tree. However, on the inside, it is extremely busy as it prepares for its coming evolution. This is evident from how hot the shell becomes to the touch.",https://scrapeme.live/shop/Kakuna/,1
Metapod,£148.00,148.0,2072,285 in stock,285,Cocoon | Pokemon,Cocoon | metapod | Shed Skin,Cocoon | Pokemon | metapod | Shed Skin,4,The shell covering this Pokémon’s body is as hard as an iron slab. Metapod does not move very much. It stays still because it is preparing its soft innards for evolution inside the hard shell.,https://scrapeme.live/shop/Metapod/,1
Pidgey,£159.00,159.0,9452,175 in stock,175,Pokemon | Tiny Bird,Keen Eye | pidgey | Tiny Bird,Pokemon | Tiny Bird | Keen Eye | pidgey,4,"Pidgey has an extremely sharp sense of direction. It is capable of unerringly returning home to its nest, however far it may be removed from its familiar surroundings.",https://scrapeme.live/shop/Pidgey/,1
Squirtle,£130.00,130.0,6094,178 in stock,178,Pokemon | Tiny Turtle,squirtle | Tiny Turtle | Torrent,Pokemon | Tiny Turtle | squirtle | Torrent,4,"Squirtle’s shell is not merely used for protection. The shell’s rounded shape and the grooves on its surface help minimize resistance in water, enabling this Pokémon to swim at high speeds.",https://scrapeme.live/shop/Squirtle/,1
Venusaur,£105.00,105.0,7036,30 in stock,30,Pokemon | Seed,Overgrow | Seed | venusaur,Pokemon | Seed | Overgrow | venusaur,4,There is a large flower on Venusaur’s back. The flower is said to take on vivid colors if it gets plenty of nutrition and sunlight. The flower’s aroma soothes the emotions of people.,https://scrapeme.live/shop/Venusaur/,1
Wartortle,£123.00,123.0,9659,24 in stock,24,Pokemon | Turtle,Torrent | Turtle | wartortle,Pokemon | Turtle | Torrent | wartortle,4,"Its tail is large and covered with a rich, thick fur. The tail becomes increasingly deeper in color as Wartortle ages. The scratches on its shell are evidence of this Pokémon’s toughness as a battler.",https://scrapeme.live/shop/Wartortle/,1
Weedle,£25.00,25.0,7525,65 in stock,65,Hairy Bug | Pokemon,Hairy Bug | Shield Dust | weedle,Hairy Bug | Pokemon | Shield Dust | weedle,4,Weedle has an extremely acute sense of smell. It is capable of distinguishing its favorite kinds of leaves from those it dislikes just by sniffing with its big red proboscis (nose).,https://scrapeme.live/shop/Weedle/,1
Arbok,£182.00,182.0,9230,248 in stock,248,Cobra | Pokemon,arbok | Cobra | Shed Skin,Cobra | Pokemon | arbok | Shed Skin,4,"This Pokémon is terrifically strong in order to constrict things with its body. It can even flatten steel oil drums. Once Arbok wraps its body around its foe, escaping its crunching embrace is impossible.",https://scrapeme.live/shop/Arbok/,2
Ekans,£55.00,55.0,5690,120 in stock,120,Pokemon | Snake,ekans | Shed Skin | Snake,Pokemon | Snake | ekans | Shed Skin,4,Ekans curls itself up in a spiral while it rests. Assuming this position allows it to quickly respond to a threat from any direction with a glare from its upraised head.,https://scrapeme.live/shop/Ekans/,2
Fearow,£95.00,95.0,9127,276 in stock,276,Beak | Pokemon,Beak | fearow | Keen Eye,Beak | Pokemon | fearow | Keen Eye,4,Fearow is recognized by its long neck and elongated beak. They are conveniently shaped for catching prey in soil or water. It deftly moves its long and skinny beak to pluck prey.,https://scrapeme.live/shop/Fearow/,2
Nidoking,£31.00,31.0,1159,178 in stock,178,Drill | Pokemon,Drill | nidoking | Poison Point,Drill | Pokemon | nidoking | Poison Point,4,"Nidoking’s thick tail packs enormously destructive power. With one swing, it can topple a metal transmission tower. Once this Pokémon goes on a rampage, there is no stopping it.",https://scrapeme.live/shop/Nidoking/,2
Nidoqueen,£106.00,106.0,6614,153 in stock,153,Drill | Pokemon,Drill | nidoqueen | Poison Point,Drill | Pokemon | nidoqueen | Poison Point,4,Nidoqueen’s body is encased in extremely hard scales. It is adept at sending foes flying with harsh tackles. This Pokémon is at its strongest when it is defending its young.,https://scrapeme.live/shop/Nidoqueen/,2
Nidorina,£28.00,28.0,9779,58 in stock,58,Poison Pin | Pokemon,nidorina | Poison Pin | Poison Point,Poison Pin | Pokemon | nidorina | Poison Point,4,"When Nidorina are with their friends or family, they keep their barbs tucked away to prevent hurting each other. This Pokémon appears to become nervous if separated from the others.",https://scrapeme.live/shop/Nidorina/,2
Nidorino,£179.00,179.0,9646,279 in stock,279,Poison Pin | Pokemon,nidorino | Poison Pin | Poison Point,Poison Pin | Pokemon | nidorino | Poison Point,4,"Nidorino has a horn that is harder than a diamond. If it senses a hostile presence, all the barbs on its back bristle up at once, and it challenges the foe with all its might.",https://scrapeme.live/shop/Nidorino/,2
Pidgeot,£185.00,185.0,8462,90 in stock,90,Bird | Pokemon,Bird | Keen Eye | pidgeot,Bird | Pokemon | Keen Eye | pidgeot,4,"This Pokémon has a dazzling plumage of beautifully glossy feathers. Many Trainers are captivated by the striking beauty of the feathers on its head, compelling them to choose Pidgeot as their Pokémon.",https://scrapeme.live/shop/Pidgeot/,2
Pidgeotto,£84.00,84.0,1150,120 in stock,120,Bird | Pokemon,Bird | Keen Eye | pidgeotto,Bird | Pokemon | Keen Eye | pidgeotto,4,"Pidgeotto claims a large area as its own territory. This Pokémon flies around, patrolling its living space. If its territory is violated, it shows no mercy in thoroughly punishing the foe with its sharp claws.",https://scrapeme.live/shop/Pidgeotto/,2
Pikachu,£37.00,37.0,1333,254 in stock,254,Mouse | Pokemon,Mouse | pikachu | Static,Mouse | Pokemon | pikachu | Static,4,This Pokémon has electricity-storing pouches on its cheeks. These appear to become electrically charged during the night while Pikachu sleeps. It occasionally discharges electricity when it is dozy after waking up.,https://scrapeme.live/shop/Pikachu/,2
Raichu,£140.00,140.0,3488,215 in stock,215,Mouse | Pokemon,Mouse | raichu | Static,Mouse | Pokemon | raichu | Static,4,This Pokémon exudes a weak electrical charge from all over its body that makes it take on a slight glow in darkness. Raichu plants its tail in the ground to discharge electricity.,https://scrapeme.live/shop/Raichu/,2
Raticate,£60.00,60.0,5745,204 in stock,204,Mouse | Pokemon,Mouse | raticate | Run Away,Mouse | Pokemon | raticate | Run Away,4,"Raticate’s sturdy fangs grow steadily. To keep them ground down, it gnaws on rocks and logs. It may even chew on the walls of houses.",https://scrapeme.live/shop/Raticate/,2
Rattata,£128.00,128.0,1009,16 in stock,16,Mouse | Pokemon,Mouse | rattata | Run Away,Mouse | Pokemon | rattata | Run Away,4,"Rattata is cautious in the extreme. Even while it is asleep, it constantly listens by moving its ears around. It is not picky about where it lives—it will make its nest anywhere.",https://scrapeme.live/shop/Rattata/,2
Sandshrew,£82.00,82.0,9134,100 in stock,100,Mouse | Pokemon,Mouse | Sand Veil | sandshrew,Mouse | Pokemon | Sand Veil | sandshrew,4,"Sandshrew has a very dry hide that is extremely tough. The Pokémon can roll into a ball that repels any attack. At night, it burrows into the desert sand to sleep.",https://scrapeme.live/shop/Sandshrew/,2
Sandslash,£155.00,155.0,4747,236 in stock,236,Mouse | Pokemon,Mouse | Sand Veil | sandslash,Mouse | Pokemon | Sand Veil | sandslash,4,"Sandslash can roll up its body as if it were a ball covered with large spikes. In battle, this Pokémon will try to make the foe flinch by jabbing it with its spines. It then leaps at the stunned foe to tear wildly with its sharp claws.",https://scrapeme.live/shop/Sandslash/,2
Spearow,£133.00,133.0,1591,46 in stock,46,Pokemon | Tiny Bird,Keen Eye | spearow | Tiny Bird,Pokemon | Tiny Bird | Keen Eye | spearow,4,"Spearow has a very loud cry that can be heard over half a mile away. If its high, keening cry is heard echoing all around, it is a sign that they are warning each other of danger.",https://scrapeme.live/shop/Spearow/,2
Clefable,£188.00,188.0,9786,23 in stock,23,Fairy | Pokemon,clefable | Cute Charm | Fairy,Fairy | Pokemon | clefable | Cute Charm,4,"Clefable moves by skipping lightly as if it were flying using its wings. Its bouncy step lets it even walk on water. It is known to take strolls on lakes on quiet, moonlit nights.",https://scrapeme.live/shop/Clefable/,3
Clefairy,£160.00,160.0,3259,86 in stock,86,Fairy | Pokemon,clefairy | Cute Charm | Fairy,Fairy | Pokemon | clefairy | Cute Charm,4,"On every night of a full moon, groups of this Pokémon come out to play. When dawn arrives, the tired Clefairy return to their quiet mountain retreats and go to sleep nestled up against each other.",https://scrapeme.live/shop/Clefairy/,3
Diglett,£122.00,122.0,4383,227 in stock,227,Mole | Pokemon,diglett | Mole | Sand Veil,Mole | Pokemon | diglett | Sand Veil,4,"Diglett are raised in most farms. The reason is simple— wherever this Pokémon burrows, the soil is left perfectly tilled for planting crops. This soil is made ideal for growing delicious vegetables.",https://scrapeme.live/shop/Diglett/,3
Gloom,£178.00,178.0,7374,74 in stock,74,Pokemon | Weed,Chlorophyll | gloom | Weed,Pokemon | Weed | Chlorophyll | gloom,4,"From its mouth Gloom drips honey that smells absolutely horrible. Apparently, it loves the horrid stench. It sniffs the noxious fumes and then drools even more of its honey.",https://scrapeme.live/shop/Gloom/,3
Golbat,£136.00,136.0,5941,52 in stock,52,Bat | Pokemon,Bat | golbat | Inner Focus,Bat | Pokemon | golbat | Inner Focus,4,"Golbat bites down on prey with its four fangs and drinks the victim’s blood. It becomes active on inky dark moonless nights, flying around to attack people and Pokémon.",https://scrapeme.live/shop/Golbat/,3
Jigglypuff,£61.00,61.0,9180,136 in stock,136,Balloon | Pokemon,Balloon | Cute Charm | jigglypuff,Balloon | Pokemon | Cute Charm | jigglypuff,4,"When this Pokémon sings, it never pauses to breathe. If it is in a battle against an opponent that does not easily fall asleep, Jigglypuff cannot breathe, endangering its life.",https://scrapeme.live/shop/Jigglypuff/,3
Ninetales,£52.00,52.0,5173,215 in stock,215,Fox | Pokemon,Flash Fire | Fox | ninetales,Fox | Pokemon | Flash Fire | ninetales,4,Legend has it that Ninetales came into being when nine wizards possessing sacred powers merged into one. This Pokémon is highly intelligent—it can understand human speech.,https://scrapeme.live/shop/Ninetales/,3
Oddish,£45.00,45.0,8337,296 in stock,296,Pokemon | Weed,Chlorophyll | oddish | Weed,Pokemon | Weed | Chlorophyll | oddish,4,"Oddish searches for fertile, nutrient-rich soil, then plants itself. During the daytime, while it is planted, this Pokémon’s feet are thought to change shape and become similar to the roots of trees.",https://scrapeme.live/shop/Oddish/,3
Paras,£168.00,168.0,9691,192 in stock,192,Mushroom | Pokemon,Effect Spore | Mushroom | paras,Mushroom | Pokemon | Effect Spore | paras,4,Paras has parasitic mushrooms growing on its back called tochukaso. They grow large by drawing nutrients from this Bug Pokémon host. They are highly valued as a medicine for extending life.,https://scrapeme.live/shop/Paras/,3
Parasect,£27.00,27.0,4612,17 in stock,17,Mushroom | Pokemon,Effect Spore | Mushroom | parasect,Mushroom | Pokemon | Effect Spore | parasect,4,"Parasect is known to infest large trees en masse and drain nutrients from the lower trunk and roots. When an infested tree dies, they move onto another tree all at once.",https://scrapeme.live/shop/Parasect/,3
Venomoth,£53.00,53.0,3503,22 in stock,22,Poison Moth | Pokemon,Poison Moth | Shield Dust | venomoth,Poison Moth | Pokemon | Shield Dust | venomoth,4,"Venomoth is nocturnal—it is a Pokémon that only becomes active at night. Its favorite prey are small insects that gather around streetlights, attracted by the light in the darkness.",https://scrapeme.live/shop/Venomoth/,3
Venonat,£158.00,158.0,1329,177 in stock,177,Insect | Pokemon,Compound Eyes | Insect | venonat,Insect | Pokemon | Compound Eyes | venonat,4,"Venonat is said to have evolved with a coat of thin, stiff hair that covers its entire body for protection. It possesses large eyes that never fail to spot even minuscule prey.",https://scrapeme.live/shop/Venonat/,3
Vileplume,£170.00,170.0,5295,283 in stock,283,Flower | Pokemon,Chlorophyll | Flower | vileplume,Flower | Pokemon | Chlorophyll | vileplume,4,"Vileplume has the world’s largest petals. They are used to attract prey that are then doused with toxic spores. Once the prey are immobilized, this Pokémon catches and devours them.",https://scrapeme.live/shop/Vileplume/,3
Vulpix,£85.00,85.0,1440,268 in stock,268,Fox | Pokemon,Flash Fire | Fox | vulpix,Fox | Pokemon | Flash Fire | vulpix,4,"Inside Vulpix’s body burns a flame that never goes out. During the daytime, when the temperatures rise, this Pokémon releases flames from its mouth to prevent its body from growing too hot.",https://scrapeme.live/shop/Vulpix/,3
Wigglytuff,£130.00,130.0,2733,260 in stock,260,Balloon | Pokemon,Balloon | Cute Charm | wigglytuff,Balloon | Pokemon | Cute Charm | wigglytuff,4,"Wigglytuff’s body is very flexible. By inhaling deeply, this Pokémon can inflate itself seemingly without end. Once inflated, Wigglytuff bounces along lightly like a balloon.",https://scrapeme.live/shop/Wigglytuff/,3
Zubat,£125.00,125.0,2584,154 in stock,154,Bat | Pokemon,Bat | Inner Focus | zubat,Bat | Pokemon | Inner Focus | zubat,4,"Zubat avoids sunlight because exposure causes it to become unhealthy. During the daytime, it stays in caves or under the eaves of old houses, sleeping while hanging upside down.",https://scrapeme.live/shop/Zubat/,3
Abra,£141.00,141.0,3845,116 in stock,116,Pokemon | Psi,abra | Inner Focus | Psi,Pokemon | Psi | abra | Inner Focus,4,"Abra needs to sleep for eighteen hours a day. If it doesn’t, this Pokémon loses its ability to use telekinetic powers. If it is attacked, Abra escapes using Teleport while it is still sleeping.",https://scrapeme.live/shop/Abra/,4
Alakazam,£40.00,40.0,7975,142 in stock,142,Pokemon | Psi,alakazam | Inner Focus | Psi,Pokemon | Psi | alakazam | Inner Focus,4,"Alakazam’s brain continually grows, infinitely multiplying brain cells. This amazing brain gives this Pokémon an astoundingly high IQ of 5,000. It has a thorough memory of everything that has occurred in the world.",https://scrapeme.live/shop/Alakazam/,4
Arcanine,£69.00,69.0,9267,14 in stock,14,Legendary | Pokemon,arcanine | Intimidate | Legendary,Legendary | Pokemon | arcanine | Intimidate,4,"Arcanine is known for its high speed. It is said to be capable of running over 6,200 miles in a single day and night. The fire that blazes wildly within this Pokémon’s body is its source of power.",https://scrapeme.live/shop/Arcanine/,4
Dugtrio,£111.00,111.0,7897,290 in stock,290,Mole | Pokemon,dugtrio | Mole | Sand Veil,Mole | Pokemon | dugtrio | Sand Veil,4,"Dugtrio are actually triplets that emerged from one body. As a result, each triplet thinks exactly like the other two triplets. They work cooperatively to burrow endlessly.",https://scrapeme.live/shop/Dugtrio/,4
Golduck,£31.00,31.0,8764,278 in stock,278,Duck | Pokemon,Damp | Duck | golduck,Duck | Pokemon | Damp | golduck,4,"Golduck is the fastest swimmer among all Pokémon. It swims effortlessly, even in a rough, stormy sea. It sometimes rescues people from wrecked ships floundering in high seas.",https://scrapeme.live/shop/Golduck/,4
Growlithe,£30.00,30.0,1749,243 in stock,243,Pokemon | Puppy,growlithe | Intimidate | Puppy,Pokemon | Puppy | growlithe | Intimidate,4,"Growlithe has a superb sense of smell. Once it smells anything, this Pokémon won’t forget the scent, no matter what. It uses its advanced olfactory sense to determine the emotions of other living things.",https://scrapeme.live/shop/Growlithe/,4
Kadabra,£129.00,129.0,9040,195 in stock,195,Pokemon | Psi,Inner Focus | kadabra | Psi,Pokemon | Psi | Inner Focus | kadabra,4,"Kadabra holds a silver spoon in its hand. The spoon is used to amplify the alpha waves in its brain. Without the spoon, the Pokémon is said to be limited to half the usual amount of its telekinetic powers.",https://scrapeme.live/shop/Kadabra/,4
Machop,£166.00,166.0,9506,173 in stock,173,Pokemon | Superpower,Guts | machop | Superpower,Pokemon | Superpower | Guts | machop,4,Machop exercises by hefting around a Graveler as if it were a barbell. There are some Machop that travel the world in a quest to master all kinds of martial arts.,https://scrapeme.live/shop/Machop/,4
Mankey,£125.00,125.0,5180,209 in stock,209,Pig Monkey | Pokemon,mankey | Pig Monkey | Vital Spirit,Pig Monkey | Pokemon | mankey | Vital Spirit,4,"When Mankey starts shaking and its nasal breathing turns rough, it’s a sure sign that it is becoming angry. However, because it goes into a towering rage almost instantly, it is impossible for anyone to flee its wrath.",https://scrapeme.live/shop/Mankey/,4
Meowth,£131.00,131.0,9594,203 in stock,203,Pokemon | Scratch Cat,meowth | Pickup | Scratch Cat,Pokemon | Scratch Cat | meowth | Pickup,4,"Meowth withdraws its sharp claws into its paws to slinkily sneak about without making any incriminating footsteps. For some reason, this Pokémon loves shiny coins that glitter with light.",https://scrapeme.live/shop/Meowth/,4
Persian,£200.00,200.0,3752,108 in stock,108,Classy Cat | Pokemon,Classy Cat | persian | Technician,Classy Cat | Pokemon | persian | Technician,4,Persian has six bold whiskers that give it a look of toughness. The whiskers sense air movements to determine what is in the Pokémon’s surrounding vicinity. It becomes docile if grabbed by the whiskers.,https://scrapeme.live/shop/Persian/,4
Poliwag,£174.00,174.0,6402,217 in stock,217,Pokemon | Tadpole,Damp | poliwag | Tadpole,Pokemon | Tadpole | Damp | poliwag,4,"Poliwag has a very thin skin. It is possible to see the Pokémon’s spiral innards right through the skin. Despite its thinness, however, the skin is also very flexible. Even sharp fangs bounce right off it.",https://scrapeme.live/shop/Poliwag/,4
Poliwhirl,£121.00,121.0,4447,139 in stock,139,Pokemon | Tadpole,Damp | poliwhirl | Tadpole,Pokemon | Tadpole | Damp | poliwhirl,4,"The surface of Poliwhirl’s body is always wet and slick with a slimy fluid. Because of this slippery covering, it can easily slip and slide out of the clutches of any enemy in battle.",https://scrapeme.live/shop/Poliwhirl/,4
Poliwrath,£152.00,152.0,1848,216 in stock,216,Pokemon | Tadpole,Damp | poliwrath | Tadpole,Pokemon | Tadpole | Damp | poliwrath,4,"Poliwrath’s highly developed, brawny muscles never grow fatigued, however much it exercises. It is so tirelessly strong, this Pokémon can swim back and forth across the ocean without effort.",https://scrapeme.live/shop/Poliwrath/,4
Primeape,£86.00,86.0,3052,68 in stock,68,Pig Monkey | Pokemon,Pig Monkey | primeape | Vital Spirit,Pig Monkey | Pokemon | primeape | Vital Spirit,4,"When Primeape becomes furious, its blood circulation is boosted. In turn, its muscles are made even stronger. However, it also becomes much less intelligent at the same time.",https://scrapeme.live/shop/Primeape/,4
Psyduck,£182.00,182.0,6470,214 in stock,214,Duck | Pokemon,Damp | Duck | psyduck,Duck | Pokemon | Damp | psyduck,4,"If it uses its mysterious power, Psyduck can’t remember having done so. It apparently can’t form a memory of such an event because it goes into an altered state that is much like deep sleep.",https://scrapeme.live/shop/Psyduck/,4
Bellsprout,£74.00,74.0,7454,257 in stock,257,Flower | Pokemon,bellsprout | Chlorophyll | Flower,Flower | Pokemon | bellsprout | Chlorophyll,4,"Bellsprout’s thin and flexible body lets it bend and sway to avoid any attack, however strong it may be. From its mouth, this Pokémon spits a corrosive fluid that melts even iron.",https://scrapeme.live/shop/Bellsprout/,5
Geodude,£32.00,32.0,1650,77 in stock,77,Pokemon | Rock,geodude | Rock | Rock Head,Pokemon | Rock | geodude | Rock Head,4,"When Geodude sleeps deeply, it buries itself halfway into the ground. It will not awaken even if hikers step on it unwittingly. In the morning, this Pokémon rolls downhill in search of food.",https://scrapeme.live/shop/Geodude/,5
Golem,£103.00,103.0,1408,151 in stock,151,Megaton | Pokemon,golem | Megaton | Rock Head,Megaton | Pokemon | golem | Rock Head,4,"Golem is known for rolling down from mountains. To prevent them from rolling into the homes of people downhill, grooves have been dug into the sides of mountains to serve as guideways for diverting this Pokémon’s course.",https://scrapeme.live/shop/Golem/,5
Graveler,£182.00,182.0,4748,86 in stock,86,Pokemon | Rock,graveler | Rock | Rock Head,Pokemon | Rock | graveler | Rock Head,4,"Rocks are Graveler’s favorite food. This Pokémon will climb a mountain from the base to the summit, crunchingly feasting on rocks all the while. Upon reaching the peak, it rolls back down to the bottom.",https://scrapeme.live/shop/Graveler/,5
Machamp,£121.00,121.0,2857,242 in stock,242,Pokemon | Superpower,Guts | machamp | Superpower,Pokemon | Superpower | Guts | machamp,4,"Machamp is known as the Pokémon that has mastered every kind of martial arts. If it grabs hold of the foe with its four arms, the battle is all but over. The hapless foe is thrown far over the horizon.",https://scrapeme.live/shop/Machamp/,5
Machoke,£27.00,27.0,9503,10 in stock,10,Pokemon | Superpower,Guts | machoke | Superpower,Pokemon | Superpower | Guts | machoke,4,"Machoke undertakes bodybuilding every day even as it helps people with tough, physically demanding labor. On its days off, this Pokémon heads to the fields and mountains to exercise and train.",https://scrapeme.live/shop/Machoke/,5
Magnemite,£100.00,100.0,1688,16 in stock,16,Magnet | Pokemon,magnemite | Magnet | Sturdy,Magnet | Pokemon | magnemite | Sturdy,4,Magnemite floats in the air by emitting electromagnetic waves from the units at its sides. These waves block gravity. This Pokémon becomes incapable of flight if its internal electrical supply is depleted.,https://scrapeme.live/shop/Magnemite/,5
Magneton,£191.00,191.0,5934,152 in stock,152,Magnet | Pokemon,Magnet | magneton | Sturdy,Magnet | Pokemon | magneton | Sturdy,4,"Magneton emits a powerful magnetic force that is fatal to electronics and precision instruments. Because of this, it is said that some towns warn people to keep this Pokémon inside a Poké Ball.",https://scrapeme.live/shop/Magneton/,5
Ponyta,£53.00,53.0,3629,41 in stock,41,Fire Horse | Pokemon,Fire Horse | ponyta | Run Away,Fire Horse | Pokemon | ponyta | Run Away,4,Ponyta is very weak at birth. It can barely stand up. This Pokémon becomes stronger by stumbling and falling to keep up with its parent.,https://scrapeme.live/shop/Ponyta/,5
Rapidash,£98.00,98.0,3414,194 in stock,194,Fire Horse | Pokemon,Fire Horse | rapidash | Run Away,Fire Horse | Pokemon | rapidash | Run Away,4,"Rapidash usually can be seen casually cantering in the fields and plains. However, when this Pokémon turns serious, its fiery manes flare and blaze as it gallops its way up to 150 mph.",https://scrapeme.live/shop/Rapidash/,5
Slowbro,£179.00,179.0,3864,289 in stock,289,Hermit Crab | Pokemon,Hermit Crab | Oblivious | slowbro,Hermit Crab | Pokemon | Oblivious | slowbro,4,"Slowbro’s tail has a Shellder firmly attached with a bite. As a result, the tail can’t be used for fishing anymore. This causes Slowbro to grudgingly swim and catch prey instead.",https://scrapeme.live/shop/Slowbro/,5
Slowpoke,£109.00,109.0,2145,57 in stock,57,Dopey | Pokemon,Dopey | Oblivious | slowpoke,Dopey | Pokemon | Oblivious | slowpoke,4,"Slowpoke uses its tail to catch prey by dipping it in water at the side of a river. However, this Pokémon often forgets what it’s doing and often spends entire days just loafing at water’s edge.",https://scrapeme.live/shop/Slowpoke/,5
Tentacool,£186.00,186.0,1506,66 in stock,66,Jellyfish | Pokemon,Clear Body | Jellyfish | tentacool,Jellyfish | Pokemon | Clear Body | tentacool,4,Tentacool absorbs sunlight and refracts it using water inside its body to convert it into beam energy. This Pokémon shoots beams from the small round organ above its eyes.,https://scrapeme.live/shop/Tentacool/,5
Tentacruel,£65.00,65.0,1723,175 in stock,175,Jellyfish | Pokemon,Clear Body | Jellyfish | tentacruel,Jellyfish | Pokemon | Clear Body | tentacruel,4,Tentacruel has tentacles that can be freely elongated and shortened at will. It ensnares prey with its tentacles and weakens the prey by dosing it with a harsh toxin. It can catch up to 80 prey at the same time.,https://scrapeme.live/shop/Tentacruel/,5
Victreebel,£68.00,68.0,2187,119 in stock,119,Flycatcher | Pokemon,Chlorophyll | Flycatcher | victreebel,Flycatcher | Pokemon | Chlorophyll | victreebel,4,"Victreebel has a long vine that extends from its head. This vine is waved and flicked about as if it were an animal to attract prey. When an unsuspecting prey draws near, this Pokémon swallows it whole.",https://scrapeme.live/shop/Victreebel/,5
Weepinbell,£26.00,26.0,5253,46 in stock,46,Flycatcher | Pokemon,Chlorophyll | Flycatcher | weepinbell,Flycatcher | Pokemon | Chlorophyll | weepinbell,4,"Weepinbell has a large hook on its rear end. At night, the Pokémon hooks on to a tree branch and goes to sleep. If it moves around in its sleep, it may wake up to find itself on the ground.",https://scrapeme.live/shop/Weepinbell/,5
Cloyster,£199.00,199.0,5736,39 in stock,39,Bivalve | Pokemon,Bivalve | cloyster | Shell Armor,Bivalve | Pokemon | cloyster | Shell Armor,4,"Cloyster is capable of swimming in the sea. It does so by swallowing water, then jetting it out toward the rear. This Pokémon shoots spikes from its shell using the same system.",https://scrapeme.live/shop/Cloyster/,6
Dewgong,£70.00,70.0,9375,62 in stock,62,Pokemon | Sea Lion,dewgong | Sea Lion | Thick Fat,Pokemon | Sea Lion | dewgong | Thick Fat,4,Dewgong loves to snooze on bitterly cold ice. The sight of this Pokémon sleeping on a glacier was mistakenly thought to be a mermaid by a mariner long ago.,https://scrapeme.live/shop/Dewgong/,6
Dodrio,£138.00,138.0,4038,118 in stock,118,Pokemon | Triple Bird,dodrio | Run Away | Triple Bird,Pokemon | Triple Bird | dodrio | Run Away,4,"Apparently, the heads aren’t the only parts of the body that Dodrio has three of. It has three sets of hearts and lungs as well, so it is capable of running long distances without rest.",https://scrapeme.live/shop/Dodrio/,6
Doduo,£73.00,73.0,8303,227 in stock,227,Pokemon | Twin Bird,doduo | Run Away | Twin Bird,Pokemon | Twin Bird | doduo | Run Away,4,"Doduo’s two heads contain completely identical brains. A scientific study reported that on rare occasions, there will be examples of this Pokémon possessing different sets of brains.",https://scrapeme.live/shop/Doduo/,6
Drowzee,£40.00,40.0,9437,253 in stock,253,Hypnosis | Pokemon,drowzee | Hypnosis | Insomnia,Hypnosis | Pokemon | drowzee | Insomnia,4,"If your nose becomes itchy while you are sleeping, it’s a sure sign that one of these Pokémon is standing above your pillow and trying to eat your dream through your nostrils.",https://scrapeme.live/shop/Drowzee/,6
Farfetchd,£185.00,185.0,3808,158 in stock,158,Pokemon | Wild Duck,farfetchd | Keen Eye | Wild Duck,Pokemon | Wild Duck | farfetchd | Keen Eye,4,"Farfetch’d is always seen with a stalk from a plant of some sort. Apparently, there are good stalks and bad stalks. This Pokémon has been known to fight with others over stalks.",https://scrapeme.live/shop/Farfetchd/,6
Gastly,£179.00,179.0,6873,151 in stock,151,Gas | Pokemon,Gas | gastly | Levitate,Gas | Pokemon | gastly | Levitate,4,"Gastly is largely composed of gaseous matter. When exposed to a strong wind, the gaseous body quickly dwindles away. Groups of this Pokémon cluster under the eaves of houses to escape the ravages of wind.",https://scrapeme.live/shop/Gastly/,6
Gengar,£149.00,149.0,6267,159 in stock,159,Pokemon | Shadow,gengar | Levitate | Shadow,Pokemon | Shadow | gengar | Levitate,4,"Sometimes, on a dark night, your shadow thrown by a streetlight will suddenly and startlingly overtake you. It is actually a Gengar running past you, pretending to be your shadow.",https://scrapeme.live/shop/Gengar/,6
Grimer,£147.00,147.0,3031,201 in stock,201,Pokemon | Sludge,grimer | Sludge | Stench,Pokemon | Sludge | grimer | Stench,4,Grimer emerged from the sludge that settled on a polluted seabed. This Pokémon loves anything filthy. It constantly leaks a horribly germ-infested fluid from all over its body.,https://scrapeme.live/shop/Grimer/,6
Haunter,£42.00,42.0,7532,181 in stock,181,Gas | Pokemon,Gas | haunter | Levitate,Gas | Pokemon | haunter | Levitate,4,"Haunter is a dangerous Pokémon. If one beckons you while floating in darkness, you must never approach it. This Pokémon will try to lick you with its tongue and steal your life away.",https://scrapeme.live/shop/Haunter/,6
Hypno,£198.00,198.0,2634,222 in stock,222,Hypnosis | Pokemon,hypno | Hypnosis | Insomnia,Hypnosis | Pokemon | hypno | Insomnia,4,"Hypno holds a pendulum in its hand. The arcing movement and glitter of the pendulum lull the foe into a deep state of hypnosis. While this Pokémon searches for prey, it polishes the pendulum.",https://scrapeme.live/shop/Hypno/,6
Krabby,£64.00,64.0,2333,147 in stock,147,Pokemon | River Crab,krabby | River Crab | Shell Armor,Pokemon | River Crab | krabby | Shell Armor,4,"Krabby live on beaches, burrowed inside holes dug into the sand. On sandy beaches with little in the way of food, these Pokémon can be seen squabbling with each other over territory.",https://scrapeme.live/shop/Krabby/,6
Muk,£187.00,187.0,9514,220 in stock,220,Pokemon | Sludge,muk | Sludge | Stench,Pokemon | Sludge | muk | Stench,4,"This Pokémon’s favorite food is anything that is repugnantly filthy. In dirty towns where people think nothing of throwing away litter on the streets, Muk are certain to gather.",https://scrapeme.live/shop/Muk/,6
Onix,£37.00,37.0,2221,286 in stock,286,Pokemon | Rock Snake,onix | Rock Head | Rock Snake,Pokemon | Rock Snake | onix | Rock Head,4,"Onix has a magnet in its brain. It acts as a compass so that this Pokémon does not lose direction while it is tunneling. As it grows older, its body becomes increasingly rounder and smoother.",https://scrapeme.live/shop/Onix/,6
Seel,£164.00,164.0,2302,250 in stock,250,Pokemon | Sea Lion,Sea Lion | seel | Thick Fat,Pokemon | Sea Lion | seel | Thick Fat,4,"Seel hunts for prey in the frigid sea underneath sheets of ice. When it needs to breathe, it punches a hole through the ice with the sharply protruding section of its head.",https://scrapeme.live/shop/Seel/,6
Shellder,£138.00,138.0,4653,23 in stock,23,Bivalve | Pokemon,Bivalve | Shell Armor | shellder,Bivalve | Pokemon | Shell Armor | shellder,4,"At night, this Pokémon uses its broad tongue to burrow a hole in the seafloor sand and then sleep in it. While it is sleeping, Shellder closes its shell, but leaves its tongue hanging out.",https://scrapeme.live/shop/Shellder/,6
Chansey,£176.00,176.0,8548,151 in stock,151,Egg | Pokemon,chansey | Egg | Natural Cure,Egg | Pokemon | chansey | Natural Cure,4,"Chansey lays nutritionally excellent eggs on an everyday basis. The eggs are so delicious, they are easily and eagerly devoured by even those people who have lost their appetite.",https://scrapeme.live/shop/Chansey/,7
Cubone,£177.00,177.0,3170,242 in stock,242,Lonely | Pokemon,cubone | Lonely | Rock Head,Lonely | Pokemon | cubone | Rock Head,4,"Cubone pines for the mother it will never see again. Seeing a likeness of its mother in the full moon, it cries. The stains on the skull the Pokémon wears are made by the tears it sheds.",https://scrapeme.live/shop/Cubone/,7
Electrode,£100.00,100.0,1042,230 in stock,230,Ball | Pokemon,Ball | electrode | Static,Ball | Pokemon | electrode | Static,4,One of Electrode’s characteristics is its attraction to electricity. It is a problematical Pokémon that congregates mostly at electrical power plants to feed on electricity that has just been generated.,https://scrapeme.live/shop/Electrode/,7
Exeggcute,£126.00,126.0,2494,144 in stock,144,Egg | Pokemon,Chlorophyll | Egg | exeggcute,Egg | Pokemon | Chlorophyll | exeggcute,4,"This Pokémon consists of six eggs that form a closely knit cluster. The six eggs attract each other and spin around. When cracks increasingly appear on the eggs, Exeggcute is close to evolution.",https://scrapeme.live/shop/Exeggcute/,7
Exeggutor,£68.00,68.0,8250,292 in stock,292,Coconut | Pokemon,Chlorophyll | Coconut | exeggutor,Coconut | Pokemon | Chlorophyll | exeggutor,4,"Exeggutor originally came from the tropics. Its heads steadily grow larger from exposure to strong sunlight. It is said that when the heads fall off, they group together to form Exeggcute.",https://scrapeme.live/shop/Exeggutor/,7
Hitmonchan,£91.00,91.0,3499,163 in stock,163,Pokemon | Punching,hitmonchan | Keen Eye | Punching,Pokemon | Punching | hitmonchan | Keen Eye,4,Hitmonchan is said to possess the spirit of a boxer who had been working toward a world championship. This Pokémon has an indomitable spirit and will never give up in the face of adversity.,https://scrapeme.live/shop/Hitmonchan/,7
Hitmonlee,£73.00,73.0,6833,269 in stock,269,Kicking | Pokemon,hitmonlee | Kicking | Limber,Kicking | Pokemon | hitmonlee | Limber,4,"Hitmonlee’s legs freely contract and stretch. Using these springlike legs, it bowls over foes with devastating kicks. After battle, it rubs down its legs and loosens the muscles to overcome fatigue.",https://scrapeme.live/shop/Hitmonlee/,7
Kingler,£72.00,72.0,1454,271 in stock,271,Pincer | Pokemon,kingler | Pincer | Shell Armor,Pincer | Pokemon | kingler | Shell Armor,4,"Kingler has an enormous, oversized claw. It waves this huge claw in the air to communicate with others. However, because the claw is so heavy, the Pokémon quickly tires.",https://scrapeme.live/shop/Kingler/,7
Koffing,£38.00,38.0,3303,110 in stock,110,Poison Gas | Pokemon,koffing | Levitate | Poison Gas,Poison Gas | Pokemon | koffing | Levitate,4,"Koffing embodies toxic substances. It mixes the toxins with raw garbage to set off a chemical reaction that results in a terribly powerful poison gas. The higher the temperature, the more gas is concocted by this Pokémon.",https://scrapeme.live/shop/Koffing/,7
Lickitung,£142.00,142.0,5903,291 in stock,291,Licking | Pokemon,Licking | lickitung | Oblivious,Licking | Pokemon | lickitung | Oblivious,4,"Whenever Lickitung comes across something new, it will unfailingly give it a lick. It does so because it memorizes things by texture and by taste. It is somewhat put off by sour things.",https://scrapeme.live/shop/Lickitung/,7
Marowak,£36.00,36.0,8681,295 in stock,295,Bone Keeper | Pokemon,Bone Keeper | marowak | Rock Head,Bone Keeper | Pokemon | marowak | Rock Head,4,Marowak is the evolved form of a Cubone that has overcome its sadness at the loss of its mother and grown tough. This Pokémon’s tempered and hardened spirit is not easily broken.,https://scrapeme.live/shop/Marowak/,7
Rhydon,£27.00,27.0,4900,73 in stock,73,Drill | Pokemon,Drill | rhydon | Rock Head,Drill | Pokemon | rhydon | Rock Head,4,"Rhydon has a horn that serves as a drill. It is used for destroying rocks and boulders. This Pokémon occasionally rams into streams of magma, but the armor-like hide prevents it from feeling the heat.",https://scrapeme.live/shop/Rhydon/,7
Rhyhorn,£124.00,124.0,8574,138 in stock,138,Pokemon | Spikes,rhyhorn | Rock Head | Spikes,Pokemon | Spikes | rhyhorn | Rock Head,4,"Rhyhorn’s brain is very small. It is so dense, while on a run it forgets why it started running in the first place. It apparently remembers sometimes if it demolishes something.",https://scrapeme.live/shop/Rhyhorn/,7
Tangela,£64.00,64.0,3530,91 in stock,91,Pokemon | Vine,Chlorophyll | tangela | Vine,Pokemon | Vine | Chlorophyll | tangela,4,"Tangela’s vines snap off easily if they are grabbed. This happens without pain, allowing it to make a quick getaway. The lost vines are replaced by newly grown vines the very next day.",https://scrapeme.live/shop/Tangela/,7
Voltorb,£189.00,189.0,9522,245 in stock,245,Ball | Pokemon,Ball | Static | voltorb,Ball | Pokemon | Static | voltorb,4,Voltorb is extremely sensitive—it explodes at the slightest of shocks. It is rumored that it was first created when a Poké Ball was exposed to a powerful pulse of energy.,https://scrapeme.live/shop/Voltorb/,7
Weezing,£48.00,48.0,8429,117 in stock,117,Poison Gas | Pokemon,Levitate | Poison Gas | weezing,Poison Gas | Pokemon | Levitate | weezing,4,"Weezing alternately shrinks and inflates its twin bodies to mix together toxic gases inside. The more the gases are mixed, the more powerful the toxins become. The Pokémon also becomes more putrid.",https://scrapeme.live/shop/Weezing/,7
Electabuzz,£125.00,125.0,7699,63 in stock,63,Electric | Pokemon,electabuzz | Electric | Static,Electric | Pokemon | electabuzz | Static,4,"When a storm arrives, gangs of this Pokémon compete with each other to scale heights that are likely to be stricken by lightning bolts. Some towns use Electabuzz in place of lightning rods.",https://scrapeme.live/shop/Electabuzz/,8
Goldeen,£170.00,170.0,3144,117 in stock,117,Goldfish | Pokemon,goldeen | Goldfish | Swift Swim,Goldfish | Pokemon | goldeen | Swift Swim,4,"Goldeen loves swimming wild and free in rivers and ponds. If one of these Pokémon is placed in an aquarium, it will shatter even the thickest glass with one ram of its horn and make its escape.",https://scrapeme.live/shop/Goldeen/,8
Gyarados,£79.00,79.0,9629,100 in stock,100,Atrocious | Pokemon,Atrocious | gyarados | Intimidate,Atrocious | Pokemon | gyarados | Intimidate,4,"Once Gyarados goes on a rampage, its ferociously violent blood doesn’t calm until it has burned everything down. There are records of this Pokémon’s rampages lasting a whole month.",https://scrapeme.live/shop/Gyarados/,8
Horsea,£154.00,154.0,1885,88 in stock,88,Dragon | Pokemon,Dragon | horsea | Swift Swim,Dragon | Pokemon | horsea | Swift Swim,4,"If Horsea senses danger, it will reflexively spray a dense black ink from its mouth and try to escape. This Pokémon swims by cleverly flapping the fin on its back.",https://scrapeme.live/shop/Horsea/,8
Jynx,£138.00,138.0,1615,197 in stock,197,Human Shape | Pokemon,Human Shape | jynx | Oblivious,Human Shape | Pokemon | jynx | Oblivious,4,"Jynx walks rhythmically, swaying and shaking its hips as if it were dancing. Its motions are so bouncingly alluring, people seeing it are compelled to shake their hips without giving any thought to what they are doing.",https://scrapeme.live/shop/Jynx/,8
Kangaskhan,£164.00,164.0,7268,35 in stock,35,Parent | Pokemon,Early Bird | kangaskhan | Parent,Parent | Pokemon | Early Bird | kangaskhan,4,"If you come across a young Kangaskhan playing by itself, you must never disturb it or attempt to catch it. The baby Pokémon’s parent is sure to be in the area, and it will become violently enraged at you.",https://scrapeme.live/shop/Kangaskhan/,8
Magikarp,£43.00,43.0,6706,126 in stock,126,Fish | Pokemon,Fish | magikarp | Swift Swim,Fish | Pokemon | magikarp | Swift Swim,4,"Magikarp is virtually useless in battle as it can only splash around. As a result, it is considered to be weak. However, it is actually a very hardy Pokémon that can survive in any body of water no matter how polluted it is.",https://scrapeme.live/shop/Magikarp/,8
Magmar,£130.00,130.0,8655,16 in stock,16,Pokemon | Spitfire,Flame Body | magmar | Spitfire,Pokemon | Spitfire | Flame Body | magmar,4,"In battle, Magmar blows out intensely hot flames from all over its body to intimidate its opponent. This Pokémon’s fiery bursts create heat waves that ignite grass and trees in its surroundings.",https://scrapeme.live/shop/Magmar/,8
Mr-mime,£144.00,144.0,9469,105 in stock,105,Barrier | Pokemon,Barrier | mr-mime | Soundproof,Barrier | Pokemon | mr-mime | Soundproof,4,"Mr. Mime is a master of pantomime. Its gestures and motions convince watchers that something unseeable actually exists. Once the watchers are convinced, the unseeable thing exists as if it were real.",https://scrapeme.live/shop/Mr-mime/,8
Pinsir,£141.00,141.0,2091,29 in stock,29,Pokemon | Stag Beetle,Hyper Cutter | pinsir | Stag Beetle,Pokemon | Stag Beetle | Hyper Cutter | pinsir,4,"Pinsir has a pair of massive horns. Protruding from the surface of these horns are thorns. These thorns are driven deeply into the foe’s body when the pincer closes, making it tough for the foe to escape.",https://scrapeme.live/shop/Pinsir/,8
Scyther,£85.00,85.0,5181,139 in stock,139,Mantis | Pokemon,Mantis | scyther | Swarm,Mantis | Pokemon | scyther | Swarm,4,"Scyther is blindingly fast. Its blazing speed enhances the effectiveness of the twin scythes on its forearms. This Pokémon’s scythes are so effective, they can slice through thick logs in one wicked stroke.",https://scrapeme.live/shop/Scyther/,8
Seadra,£51.00,51.0,2148,45 in stock,45,Dragon | Pokemon,Dragon | Poison Point | seadra,Dragon | Pokemon | Poison Point | seadra,4,"Seadra generates whirlpools by spinning its body. The whirlpools are strong enough to swallow even fishing boats. This Pokémon weakens prey with these currents, then swallows it whole.",https://scrapeme.live/shop/Seadra/,8
Seaking,£129.00,129.0,9260,226 in stock,226,Goldfish | Pokemon,Goldfish | seaking | Swift Swim,Goldfish | Pokemon | seaking | Swift Swim,4,Seaking is very protective of its eggs. The male and female will take turns patrolling around their nest and eggs. The guarding of eggs by these Pokémon goes on for over a month.,https://scrapeme.live/shop/Seaking/,8
Starmie,£176.00,176.0,7984,283 in stock,283,Mysterious | Pokemon,Mysterious | Natural Cure | starmie,Mysterious | Pokemon | Natural Cure | starmie,4,Starmie swims through water by spinning its star-shaped body as if it were a propeller on a ship. The core at the center of this Pokémon’s body glows in seven colors.,https://scrapeme.live/shop/Starmie/,8
Staryu,£166.00,166.0,7802,292 in stock,292,Pokemon | Star Shape,Natural Cure | Star Shape | staryu,Pokemon | Star Shape | Natural Cure | staryu,4,"Staryu apparently communicates with the stars in the night sky by flashing the red core at the center of its body. If parts of its body are torn, this Pokémon simply regenerates the missing pieces and limbs.",https://scrapeme.live/shop/Staryu/,8
Tauros,£63.00,63.0,2149,298 in stock,298,Pokemon | Wild Bull,Intimidate | tauros | Wild Bull,Pokemon | Wild Bull | Intimidate | tauros,4,"This Pokémon is not satisfied unless it is rampaging at all times. If there is no opponent for Tauros to battle, it will charge at thick trees and knock them down to calm itself.",https://scrapeme.live/shop/Tauros/,8
Aerodactyl,£56.00,56.0,1801,257 in stock,257,Fossil | Pokemon,aerodactyl | Fossil | Rock Head,Fossil | Pokemon | aerodactyl | Rock Head,4,Aerodactyl is a Pokémon from the age of dinosaurs. It was regenerated from genetic material extracted from amber. It is imagined to have been the king of the skies in ancient times.,https://scrapeme.live/shop/Aerodactyl/,9
Articuno,£77.00,77.0,6040,101 in stock,101,Freeze | Pokemon,articuno | Freeze | Pressure,Freeze | Pokemon | articuno | Pressure,4,"Articuno is a legendary bird Pokémon that can control ice. The flapping of its wings chills the air. As a result, it is said that when this Pokémon flies, snow will fall.",https://scrapeme.live/shop/Articuno/,9
Ditto,£75.00,75.0,5061,177 in stock,177,Pokemon | Transform,ditto | Limber | Transform,Pokemon | Transform | ditto | Limber,4,"Ditto rearranges its cell structure to transform itself into other shapes. However, if it tries to transform itself into something by relying on its memory, this Pokémon manages to get details wrong.",https://scrapeme.live/shop/Ditto/,9
Eevee,£112.00,112.0,3593,234 in stock,234,Evolution | Pokemon,eevee | Evolution | Run Away,Evolution | Pokemon | eevee | Run Away,4,Eevee has an unstable genetic makeup that suddenly mutates due to the environment in which it lives. Radiation from various stones causes this Pokémon to evolve.,https://scrapeme.live/shop/Eevee/,9
Flareon,£34.00,34.0,8149,142 in stock,142,Flame | Pokemon,Flame | flareon | Flash Fire,Flame | Pokemon | flareon | Flash Fire,4,"Flareon’s fluffy fur has a functional purpose—it releases heat into the air so that its body does not get excessively hot. This Pokémon’s body temperature can rise to a maximum of 1,650 degrees Fahrenheit.",https://scrapeme.live/shop/Flareon/,9
Jolteon,£158.00,158.0,4119,37 in stock,37,Lightning | Pokemon,jolteon | Lightning | Volt Absorb,Lightning | Pokemon | jolteon | Volt Absorb,4,"Jolteon’s cells generate a low level of electricity. This power is amplified by the static electricity of its fur, enabling the Pokémon to drop thunderbolts. The bristling fur is made of electrically charged needles.",https://scrapeme.live/shop/Jolteon/,9
Kabuto,£79.00,79.0,9584,187 in stock,187,Pokemon | Shellfish,kabuto | Shellfish | Swift Swim,Pokemon | Shellfish | kabuto | Swift Swim,4,"Kabuto is a Pokémon that has been regenerated from a fossil. However, in extremely rare cases, living examples have been discovered. The Pokémon has not changed at all for 300 million years.",https://scrapeme.live/shop/Kabuto/,9
Kabutops,£57.00,57.0,4736,228 in stock,228,Pokemon | Shellfish,kabutops | Shellfish | Swift Swim,Pokemon | Shellfish | kabutops | Swift Swim,4,Kabutops swam underwater to hunt for its prey in ancient times. The Pokémon was apparently evolving from being a water dweller to living on land as evident from the beginnings of change in its gills and legs.,https://scrapeme.live/shop/Kabutops/,9
Lapras,£172.00,172.0,7759,89 in stock,89,Pokemon | Transport,lapras | Transport | Water Absorb,Pokemon | Transport | lapras | Water Absorb,4,"People have driven Lapras almost to the point of extinction. In the evenings, this Pokémon is said to sing plaintively as it seeks what few others of its kind still remain.",https://scrapeme.live/shop/Lapras/,9
Moltres,£178.00,178.0,2571,208 in stock,208,Flame | Pokemon,Flame | moltres | Pressure,Flame | Pokemon | moltres | Pressure,4,"Moltres is a legendary bird Pokémon that has the ability to control fire. If this Pokémon is injured, it is said to dip its body in the molten magma of a volcano to burn and heal itself.",https://scrapeme.live/shop/Moltres/,9
Omanyte,£162.00,162.0,4569,13 in stock,13,Pokemon | Spiral,omanyte | Shell Armor | Spiral,Pokemon | Spiral | omanyte | Shell Armor,4,"Omanyte is one of the ancient and long-since-extinct Pokémon that have been regenerated from fossils by people. If attacked by an enemy, it withdraws itself inside its hard shell.",https://scrapeme.live/shop/Omanyte/,9
Omastar,£61.00,61.0,3283,249 in stock,249,Pokemon | Spiral,omastar | Shell Armor | Spiral,Pokemon | Spiral | omastar | Shell Armor,4,"Omastar uses its tentacles to capture its prey. It is believed to have become extinct because its shell grew too large and heavy, causing its movements to become too slow and ponderous.",https://scrapeme.live/shop/Omastar/,9
Porygon,£178.00,178.0,7940,156 in stock,156,Pokemon | Virtual,porygon | Trace | Virtual,Pokemon | Virtual | porygon | Trace,4,Porygon is capable of reverting itself entirely back to program data and entering cyberspace. This Pokémon is copy protected so it cannot be duplicated by copying.,https://scrapeme.live/shop/Porygon/,9
Snorlax,£134.00,134.0,9883,260 in stock,260,Pokemon | Sleeping,Sleeping | snorlax | Thick Fat,Pokemon | Sleeping | snorlax | Thick Fat,4,Snorlax’s typical day consists of nothing more than eating and sleeping. It is such a docile Pokémon that there are children who use its expansive belly as a place to play.,https://scrapeme.live/shop/Snorlax/,9
Vaporeon,£147.00,147.0,5437,226 in stock,226,Bubble Jet | Pokemon,Bubble Jet | vaporeon | Water Absorb,Bubble Jet | Pokemon | vaporeon | Water Absorb,4,Vaporeon underwent a spontaneous mutation and grew fins and gills that allow it to live underwater. This Pokémon has the ability to freely control water.,https://scrapeme.live/shop/Vaporeon/,9
Zapdos,£133.00,133.0,7213,265 in stock,265,Electric | Pokemon,Electric | Pressure | zapdos,Electric | Pokemon | Pressure | zapdos,4,Zapdos is a legendary bird Pokémon that has the ability to control electricity. It usually lives in thunderclouds. The Pokémon gains power if it is stricken by lightning bolts.,https://scrapeme.live/shop/Zapdos/,9
Bayleef,£44.00,44.0,1272,299 in stock,299,Leaf | Pokemon,bayleef | Leaf | Overgrow,Leaf | Pokemon | bayleef | Overgrow,4,Bayleef’s neck is ringed by curled-up leaves. Inside each tubular leaf is a small shoot of a tree. The fragrance of this shoot makes people peppy.,https://scrapeme.live/shop/Bayleef/,10
Chikorita,£127.00,127.0,2657,98 in stock,98,Leaf | Pokemon,chikorita | Leaf | Overgrow,Leaf | Pokemon | chikorita | Overgrow,4,"In battle, Chikorita waves its leaf around to keep the foe at bay. However, a sweet fragrance also wafts from the leaf, becalming the battling Pokémon and creating a cozy, friendly atmosphere all around.",https://scrapeme.live/shop/Chikorita/,10
Croconaw,£175.00,175.0,9299,255 in stock,255,Big Jaw | Pokemon,Big Jaw | croconaw | Torrent,Big Jaw | Pokemon | croconaw | Torrent,4,"Once Croconaw has clamped its jaws on its foe, it will absolutely not let go. Because the tips of its fangs are forked back like barbed fishhooks, they become impossible to remove when they have sunk in.",https://scrapeme.live/shop/Croconaw/,10
Cyndaquil,£154.00,154.0,3987,184 in stock,184,Fire Mouse | Pokemon,Blaze | cyndaquil | Fire Mouse,Fire Mouse | Pokemon | Blaze | cyndaquil,4,"Cyndaquil protects itself by flaring up the flames on its back. The flames are vigorous if the Pokémon is angry. However, if it is tired, the flames splutter fitfully with incomplete combustion.",https://scrapeme.live/shop/Cyndaquil/,10
Dragonair,£57.00,57.0,5641,119 in stock,119,Dragon | Pokemon,Dragon | dragonair | Shed Skin,Dragon | Pokemon | dragonair | Shed Skin,4,Dragonair stores an enormous amount of energy inside its body. It is said to alter weather conditions in its vicinity by discharging energy from the crystals on its neck and tail.,https://scrapeme.live/shop/Dragonair/,10
Dragonite,£69.00,69.0,9175,127 in stock,127,Dragon | Pokemon,Dragon | dragonite | Inner Focus,Dragon | Pokemon | dragonite | Inner Focus,4,Dragonite is capable of circling the globe in just 16 hours. It is a kindhearted Pokémon that leads lost and foundering ships in a storm to the safety of land.,https://scrapeme.live/shop/Dragonite/,10
Dratini,£94.00,94.0,2799,275 in stock,275,Dragon | Pokemon,Dragon | dratini | Shed Skin,Dragon | Pokemon | dratini | Shed Skin,4,Dratini continually molts and sloughs off its old skin. It does so because the life energy within its body steadily builds to reach uncontrollable levels.,https://scrapeme.live/shop/Dratini/,10
Feraligatr,£183.00,183.0,9344,175 in stock,175,Big Jaw | Pokemon,Big Jaw | feraligatr | Torrent,Big Jaw | Pokemon | feraligatr | Torrent,4,"Feraligatr intimidates its foes by opening its huge mouth. In battle, it will kick the ground hard with its thick and powerful hind legs to charge at the foe at an incredible speed.",https://scrapeme.live/shop/Feraligatr/,10
Furret,£154.00,154.0,4876,85 in stock,85,Long Body | Pokemon,furret | Keen Eye | Long Body,Long Body | Pokemon | furret | Keen Eye,4,"Furret has a very slim build. When under attack, it can slickly squirm through narrow spaces and get away. In spite of its short limbs, this Pokémon is very nimble and fleet.",https://scrapeme.live/shop/Furret/,10
Meganium,£163.00,163.0,5778,71 in stock,71,Herb | Pokemon,Herb | meganium | Overgrow,Herb | Pokemon | meganium | Overgrow,4,"The fragrance of Meganium’s flower soothes and calms emotions. In battle, this Pokémon gives off more of its becalming scent to blunt the foe’s fighting spirit.",https://scrapeme.live/shop/Meganium/,10
Mew,£136.00,136.0,4382,152 in stock,152,New Species | Pokemon,mew | New Species | Synchronize,New Species | Pokemon | mew | Synchronize,4,"Mew is said to possess the genetic composition of all Pokémon. It is capable of making itself invisible at will, so it entirely avoids notice even if it approaches people.",https://scrapeme.live/shop/Mew/,10
Mewtwo,£43.00,43.0,4630,78 in stock,78,Genetic | Pokemon,Genetic | mewtwo | Pressure,Genetic | Pokemon | mewtwo | Pressure,4,"Mewtwo is a Pokémon that was created by genetic manipulation. However, even though the scientific power of humans created this Pokémon’s body, they failed to endow Mewtwo with a compassionate heart.",https://scrapeme.live/shop/Mewtwo/,10
Quilava,£85.00,85.0,6999,263 in stock,263,Pokemon | Volcano,Blaze | quilava | Volcano,Pokemon | Volcano | Blaze | quilava,4,Quilava keeps its foes at bay with the intensity of its flames and gusts of superheated air. This Pokémon applies its outstanding nimbleness to dodge attacks even while scorching the foe with flames.,https://scrapeme.live/shop/Quilava/,10
Sentret,£48.00,48.0,2687,83 in stock,83,Pokemon | Scout,Keen Eye | Scout | sentret,Pokemon | Scout | Keen Eye | sentret,4,"When Sentret sleeps, it does so while another stands guard. The sentry wakes the others at the first sign of danger. When this Pokémon becomes separated from its pack, it becomes incapable of sleep due to fear.",https://scrapeme.live/shop/Sentret/,10
Totodile,£190.00,190.0,4342,285 in stock,285,Big Jaw | Pokemon,Big Jaw | Torrent | totodile,Big Jaw | Pokemon | Torrent | totodile,4,"Despite the smallness of its body, Totodile’s jaws are very powerful. While the Pokémon may think it is just playfully nipping, its bite has enough power to cause serious injury.",https://scrapeme.live/shop/Totodile/,10
Typhlosion,£191.00,191.0,5228,118 in stock,118,Pokemon | Volcano,Blaze | typhlosion | Volcano,Pokemon | Volcano | Blaze | typhlosion,4,Typhlosion obscures itself behind a shimmering heat haze that it creates using its intensely hot flames. This Pokémon creates blazing explosive blasts that burn everything to cinders.,https://scrapeme.live/shop/Typhlosion/,10
Ariados,£85.00,85.0,9759,50 in stock,50,Long Leg | Pokemon,ariados | Long Leg | Swarm,Long Leg | Pokemon | ariados | Swarm,4,Ariados’s feet are tipped with tiny hooked claws that enable it to scuttle on ceilings and vertical walls. This Pokémon constricts the foe with thin and strong silk webbing.,https://scrapeme.live/shop/Ariados/,11
Chinchou,£59.00,59.0,2651,130 in stock,130,Angler | Pokemon,Angler | chinchou | Illuminate,Angler | Pokemon | chinchou | Illuminate,4,"Chinchou’s two antennas are filled with cells that generate strong electricity. This Pokémon’s cells create so much electrical power, it even makes itself tingle slightly.",https://scrapeme.live/shop/Chinchou/,11
Cleffa,£107.00,107.0,2794,187 in stock,187,Pokemon | Star Shape,cleffa | Cute Charm | Star Shape,Pokemon | Star Shape | cleffa | Cute Charm,4,"On nights with many shooting stars, Cleffa can be seen dancing in a ring. They dance through the night and stop only at the break of day, when these Pokémon quench their thirst with the morning dew.",https://scrapeme.live/shop/Cleffa/,11
Crobat,£195.00,195.0,6120,245 in stock,245,Bat | Pokemon,Bat | crobat | Inner Focus,Bat | Pokemon | crobat | Inner Focus,4,Crobat sneaks up on its intended prey using wings that barely make a sound. This Pokémon rests by hanging on a tree branch with its rear legs that serve as wings.,https://scrapeme.live/shop/Crobat/,11
Hoothoot,£48.00,48.0,4691,204 in stock,204,Owl | Pokemon,hoothoot | Keen Eye | Owl,Owl | Pokemon | hoothoot | Keen Eye,4,"Hoothoot has an internal organ that senses and tracks the earth’s rotation. Using this special organ, this Pokémon begins hooting at precisely the same time every day.",https://scrapeme.live/shop/Hoothoot/,11
Igglybuff,£189.00,189.0,2662,170 in stock,170,Balloon | Pokemon,Balloon | Cute Charm | igglybuff,Balloon | Pokemon | Cute Charm | igglybuff,4,Igglybuff has a soft and plushy body that feels very much like a marshmallow. From this body wafts a gently sweet fragrance that soothes and calms the emotions of its foes.,https://scrapeme.live/shop/Igglybuff/,11
Lanturn,£131.00,131.0,7579,218 in stock,218,Light | Pokemon,Illuminate | lanturn | Light,Light | Pokemon | Illuminate | lanturn,4,"Lanturn is known to emit light. If you peer down into the dark sea from a ship at night, you can sometimes see this Pokémon’s light rising from the depths where it swims. It gives the sea an appearance of a starlit night.",https://scrapeme.live/shop/Lanturn/,11
Ledian,£136.00,136.0,1806,65 in stock,65,Five Star | Pokemon,Five Star | ledian | Swarm,Five Star | Pokemon | ledian | Swarm,4,"It is said that in lands with clean air, where the stars fill the sky, there live Ledian in countless numbers. There is a good reason for this—the Pokémon uses the light of the stars as its energy.",https://scrapeme.live/shop/Ledian/,11
Ledyba,£98.00,98.0,3874,83 in stock,83,Five Star | Pokemon,Five Star | ledyba | Swarm,Five Star | Pokemon | ledyba | Swarm,4,Ledyba secretes an aromatic fluid from where its legs join its body. This fluid is used for communicating with others. This Pokémon conveys its feelings to others by altering the fluid’s scent.,https://scrapeme.live/shop/Ledyba/,11
Natu,£99.00,99.0,2942,36 in stock,36,Pokemon | Tiny Bird,natu | Synchronize | Tiny Bird,Pokemon | Tiny Bird | natu | Synchronize,4,Natu has a highly developed jumping ability. The Pokémon flaps and leaps onto tree branches that are taller than grown-up people to pick at the tree’s new shoots.,https://scrapeme.live/shop/Natu/,11
Noctowl,£170.00,170.0,9939,10 in stock,10,Owl | Pokemon,Keen Eye | noctowl | Owl,Owl | Pokemon | Keen Eye | noctowl,4,"Noctowl never fails at catching prey in darkness. This Pokémon owes its success to its superior vision that allows it to see in minimal light, and to its soft, supple wings that make no sound in flight.",https://scrapeme.live/shop/Noctowl/,11
Pichu,£193.00,193.0,4987,64 in stock,64,Pokemon | Tiny Mouse,pichu | Static | Tiny Mouse,Pokemon | Tiny Mouse | pichu | Static,4,"When Pichu plays with others, it may short out electricity with another Pichu, creating a shower of sparks. In that event, this Pokémon will begin crying, startled by the flash of sparks.",https://scrapeme.live/shop/Pichu/,11
Spinarak,£199.00,199.0,4388,136 in stock,136,Pokemon | String Spit,spinarak | String Spit | Swarm,Pokemon | String Spit | spinarak | Swarm,4,The web spun by Spinarak can be considered its second nervous system. It is said that this Pokémon can determine what kind of prey is touching its web just by the tiny vibrations it feels through the web’s strands.,https://scrapeme.live/shop/Spinarak/,11
Togepi,£47.00,47.0,1684,264 in stock,264,Pokemon | Spike Ball,Serene Grace | Spike Ball | togepi,Pokemon | Spike Ball | Serene Grace | togepi,4,"As its energy, Togepi uses the positive emotions of compassion and pleasure exuded by people and Pokémon. This Pokémon stores up feelings of happiness inside its shell, then shares them with others.",https://scrapeme.live/shop/Togepi/,11
Togetic,£69.00,69.0,9410,293 in stock,293,Happiness | Pokemon,Happiness | Serene Grace | togetic,Happiness | Pokemon | Serene Grace | togetic,4,"Togetic is said to be a Pokémon that brings good fortune. When the Pokémon spots someone who is pure of heart, it is said to appear and share its happiness with that person.",https://scrapeme.live/shop/Togetic/,11
Xatu,£123.00,123.0,7616,196 in stock,196,Mystic | Pokemon,Mystic | Synchronize | xatu,Mystic | Pokemon | Synchronize | xatu,4,Xatu is known to stand motionless while staring at the sun all day long. Some people revere it as a mystical Pokémon out of their belief that Xatu is in possession of the power to see into the future.,https://scrapeme.live/shop/Xatu/,11
Aipom,£182.00,182.0,8103,92 in stock,92,Long Tail | Pokemon,aipom | Long Tail | Run Away,Long Tail | Pokemon | aipom | Run Away,4,"Aipom’s tail ends in a hand-like appendage that can be cleverly manipulated. However, because the Pokémon uses its tail so much, its real hands have become rather clumsy.",https://scrapeme.live/shop/Aipom/,12
Ampharos,£41.00,41.0,2141,247 in stock,247,Light | Pokemon,ampharos | Light | Static,Light | Pokemon | ampharos | Static,4,Ampharos gives off so much light that it can be seen even from space. People in the old days used the light of this Pokémon to send signals back and forth with others far away.,https://scrapeme.live/shop/Ampharos/,12
Azumarill,£175.00,175.0,9464,300 in stock,300,Aqua Rabbit | Pokemon,Aqua Rabbit | azumarill | Thick Fat,Aqua Rabbit | Pokemon | azumarill | Thick Fat,4,Azumarill can make balloons out of air. It makes these air balloons if it spots a drowning Pokémon. The air balloons enable the Pokémon in trouble to breathe.,https://scrapeme.live/shop/Azumarill/,12
Bellossom,£25.00,25.0,7003,234 in stock,234,Flower | Pokemon,bellossom | Chlorophyll | Flower,Flower | Pokemon | bellossom | Chlorophyll,4,"A Bellossom grows flowers more beautifully if it has evolved from a smelly Gloom—the more stinky the better. At night, this Pokémon closes its petals and goes to sleep.",https://scrapeme.live/shop/Bellossom/,12
Flaaffy,£163.00,163.0,9291,64 in stock,64,Pokemon | Wool,flaaffy | Static | Wool,Pokemon | Wool | flaaffy | Static,4,Flaaffy’s wool quality changes so that it can generate a high amount of static electricity with a small amount of wool. The bare and slick parts of its hide are shielded against electricity.,https://scrapeme.live/shop/Flaaffy/,12
Hoppip,£107.00,107.0,1154,266 in stock,266,Cottonweed | Pokemon,Chlorophyll | Cottonweed | hoppip,Cottonweed | Pokemon | Chlorophyll | hoppip,4,"This Pokémon drifts and floats with the wind. If it senses the approach of strong winds, Hoppip links its leaves with other Hoppip to prepare against being blown away.",https://scrapeme.live/shop/Hoppip/,12
Jumpluff,£107.00,107.0,2168,235 in stock,235,Cottonweed | Pokemon,Chlorophyll | Cottonweed | jumpluff,Cottonweed | Pokemon | Chlorophyll | jumpluff,4,Jumpluff rides warm southern winds to cross the sea and fly to foreign lands. The Pokémon descends to the ground when it encounters cold air while it is floating.,https://scrapeme.live/shop/Jumpluff/,12
Mareep,£79.00,79.0,2016,152 in stock,152,Pokemon | Wool,mareep | Static | Wool,Pokemon | Wool | mareep | Static,4,"Mareep’s fluffy coat of wool rubs together and builds a static charge. The more static electricity is charged, the more brightly the lightbulb at the tip of its tail glows.",https://scrapeme.live/shop/Mareep/,12
Marill,£127.00,127.0,4728,55 in stock,55,Aqua Mouse | Pokemon,Aqua Mouse | marill | Thick Fat,Aqua Mouse | Pokemon | marill | Thick Fat,4,"When fishing for food at the edge of a fast-running stream, Marill wraps its tail around the trunk of a tree. This Pokémon’s tail is flexible and configured to stretch.",https://scrapeme.live/shop/Marill/,12
Politoed,£193.00,193.0,9168,261 in stock,261,Frog | Pokemon,Damp | Frog | politoed,Frog | Pokemon | Damp | politoed,4,"The curled hair on Politoed’s head is proof of its status as a king. It is said that the longer and more curled the hair, the more respect this Pokémon earns from its peers.",https://scrapeme.live/shop/Politoed/,12
Skiploom,£185.00,185.0,2616,94 in stock,94,Cottonweed | Pokemon,Chlorophyll | Cottonweed | skiploom,Cottonweed | Pokemon | Chlorophyll | skiploom,4,"Skiploom’s flower blossoms when the temperature rises above 64 degrees Fahrenheit. How much the flower opens depends on the temperature. For that reason, this Pokémon is sometimes used as a thermometer.",https://scrapeme.live/shop/Skiploom/,12
Sudowoodo,£54.00,54.0,1558,147 in stock,147,Imitation | Pokemon,Imitation | Rock Head | sudowoodo,Imitation | Pokemon | Rock Head | sudowoodo,4,"Sudowoodo camouflages itself as a tree to avoid being attacked by enemies. However, because its hands remain green throughout the year, the Pokémon is easily identified as a fake during the winter.",https://scrapeme.live/shop/Sudowoodo/,12
Sunflora,£33.00,33.0,7947,163 in stock,163,Pokemon | Sun,Chlorophyll | sun | sunflora,Pokemon | Sun | Chlorophyll | sun | sunflora,5,Sunflora converts solar energy into nutrition. It moves around actively in the daytime when it is warm. It stops moving as soon as the sun goes down for the night.,https://scrapeme.live/shop/Sunflora/,12
Sunkern,£150.00,150.0,4061,255 in stock,255,Pokemon | Seed,Chlorophyll | Seed | sunkern,Pokemon | Seed | Chlorophyll | sunkern,4,"Sunkern tries to move as little as it possibly can. It does so because it tries to conserve all the nutrients it has stored in its body for its evolution. It will not eat a thing, subsisting only on morning dew.",https://scrapeme.live/shop/Sunkern/,12
Wooper,£98.00,98.0,4198,48 in stock,48,Pokemon | Water Fish,Damp | Water Fish | wooper,Pokemon | Water Fish | Damp | wooper,4,"Wooper usually lives in water. However, it occasionally comes out onto land in search of food. On land, it coats its body with a gooey, toxic film.",https://scrapeme.live/shop/Wooper/,12
Yanma,£130.00,130.0,8321,130 in stock,130,Clear Wing | Pokemon,Clear Wing | Compound Eyes | yanma,Clear Wing | Pokemon | Compound Eyes | yanma,4,Yanma is capable of seeing 360 degrees without having to move its eyes. It is a great flier that is adept at making sudden stops and turning midair. This Pokémon uses its flying ability to quickly chase down targeted prey.,https://scrapeme.live/shop/Yanma/,12
Espeon,£177.00,177.0,9676,153 in stock,153,Pokemon | Sun,espeon | sun | Synchronize,Pokemon | Sun | espeon | sun | Synchronize,5,Espeon is extremely loyal to any Trainer it considers to be worthy. It is said that this Pokémon developed its precognitive powers to protect its Trainer from harm.,https://scrapeme.live/shop/Espeon/,13
Girafarig,£99.00,99.0,7871,31 in stock,31,Long Neck | Pokemon,girafarig | Inner Focus | Long Neck,Long Neck | Pokemon | girafarig | Inner Focus,4,"Girafarig’s rear head contains a tiny brain that is too small for thinking. However, the rear head doesn’t need to sleep, so it can keep watch over its surroundings 24 hours a day.",https://scrapeme.live/shop/Girafarig/,13
Gligar,£112.00,112.0,5090,140 in stock,140,Fly Scorpion | Pokemon,Fly Scorpion | gligar | Sand Veil,Fly Scorpion | Pokemon | gligar | Sand Veil,4,"Gligar glides through the air without a sound as if it were sliding. This Pokémon hangs on to the face of its foe using its clawed hind legs and the large pincers on its forelegs, then injects the prey with its poison barb.",https://scrapeme.live/shop/Gligar/,13
Granbull,£59.00,59.0,7346,171 in stock,171,Fairy | Pokemon,Fairy | granbull | Intimidate,Fairy | Pokemon | granbull | Intimidate,4,"Granbull has a particularly well-developed lower jaw. The enormous fangs are heavy, causing the Pokémon to tip its head back for balance. Unless it is startled, it will not try to bite indiscriminately.",https://scrapeme.live/shop/Granbull/,13
Misdreavus,£33.00,33.0,9272,207 in stock,207,Pokemon | Screech,Levitate | misdreavus | Screech,Pokemon | Screech | Levitate | misdreavus,4,"Misdreavus frightens people with a creepy, sobbing cry. The Pokémon apparently uses its red spheres to absorb the fearful feelings of foes and turn them into nutrition.",https://scrapeme.live/shop/Misdreavus/,13
Murkrow,£178.00,178.0,2223,246 in stock,246,Darkness | Pokemon,Darkness | Insomnia | murkrow,Darkness | Pokemon | Insomnia | murkrow,4,Murkrow was feared and loathed as the alleged bearer of ill fortune. This Pokémon shows strong interest in anything that sparkles or glitters. It will even try to steal rings from women.,https://scrapeme.live/shop/Murkrow/,13
Quagsire,£37.00,37.0,2688,292 in stock,292,Pokemon | Water Fish,Damp | quagsire | Water Fish,Pokemon | Water Fish | Damp | quagsire,4,"Quagsire hunts for food by leaving its mouth wide open in water and waiting for its prey to blunder in unaware. Because the Pokémon does not move, it does not get very hungry.",https://scrapeme.live/shop/Quagsire/,13
Qwilfish,£77.00,77.0,3335,297 in stock,297,Balloon | Pokemon,Balloon | Poison Point | qwilfish,Balloon | Pokemon | Poison Point | qwilfish,4,"Qwilfish sucks in water, inflating itself. This Pokémon uses the pressure of the water it swallowed to shoot toxic quills all at once from all over its body. It finds swimming somewhat challenging.",https://scrapeme.live/shop/Qwilfish/,13
Scizor,£172.00,172.0,9056,198 in stock,198,Pincer | Pokemon,Pincer | scizor | Swarm,Pincer | Pokemon | scizor | Swarm,4,Scizor has a body with the hardness of steel. It is not easily fazed by ordinary sorts of attacks. This Pokémon flaps its wings to regulate its body temperature.,https://scrapeme.live/shop/Scizor/,13
Shuckle,£194.00,194.0,7903,74 in stock,74,Mold | Pokemon,Mold | shuckle | Sturdy,Mold | Pokemon | shuckle | Sturdy,4,"Shuckle quietly hides itself under rocks, keeping its body concealed inside its hard shell while eating berries it has stored away. The berries mix with its body fluids to become a juice.",https://scrapeme.live/shop/Shuckle/,13
Slowking,£174.00,174.0,9664,55 in stock,55,Pokemon | Royal,Oblivious | Royal | slowking,Pokemon | Royal | Oblivious | slowking,4,"Slowking undertakes research every day in an effort to solve the mysteries of the world. However, this Pokémon apparently forgets everything it has learned if the Shellder on its head comes off.",https://scrapeme.live/shop/Slowking/,13
Snubbull,£63.00,63.0,3961,164 in stock,164,Fairy | Pokemon,Fairy | Run Away | snubbull,Fairy | Pokemon | Run Away | snubbull,4,"By baring its fangs and making a scary face, Snubbull sends smaller Pokémon scurrying away in terror. However, this Pokémon seems a little sad at making its foes flee.",https://scrapeme.live/shop/Snubbull/,13
Steelix,£116.00,116.0,4345,157 in stock,157,Iron Snake | Pokemon,Iron Snake | Rock Head | steelix,Iron Snake | Pokemon | Rock Head | steelix,4,Steelix lives even further underground than Onix. This Pokémon is known to dig toward the earth’s core. There are records of this Pokémon reaching a depth of over six-tenths of a mile underground.,https://scrapeme.live/shop/Steelix/,13
Umbreon,£78.00,78.0,4995,186 in stock,186,Moonlight | Pokemon,Moonlight | Synchronize | umbreon,Moonlight | Pokemon | Synchronize | umbreon,4,Umbreon evolved as a result of exposure to the moon’s waves. It hides silently in darkness and waits for its foes to make a move. The rings on its body glow when it leaps to attack.,https://scrapeme.live/shop/Umbreon/,13
Unown,£198.00,198.0,9561,47 in stock,47,Pokemon | Symbol,Levitate | Symbol | unown,Pokemon | Symbol | Levitate | unown,4,"This Pokémon is shaped like ancient writing. It is a mystery as to which came first, the ancient writings or the various Unown. Research into this topic is ongoing but nothing is known.",https://scrapeme.live/shop/Unown/,13
Wobbuffet,£107.00,107.0,6138,113 in stock,113,Patient | Pokemon,Patient | Shadow Tag | wobbuffet,Patient | Pokemon | Shadow Tag | wobbuffet,4,"Wobbuffet does nothing but endure attacks—it won’t attack on its own. However, it won’t endure an attack on its tail. When that happens, the Pokémon will try to take the foe with it using Destiny Bond.",https://scrapeme.live/shop/Wobbuffet/,13
Corsola,£27.00,27.0,5281,162 in stock,162,Coral | Pokemon,Coral | corsola | Natural Cure,Coral | Pokemon | corsola | Natural Cure,4,"Clusters of Corsola congregate in warm seas where they serve as ideal hiding places for smaller Pokémon. When the water temperature falls, this Pokémon migrates to the southern seas.",https://scrapeme.live/shop/Corsola/,14
Delibird,£121.00,121.0,6280,141 in stock,141,Delivery | Pokemon,delibird | Delivery | Vital Spirit,Delivery | Pokemon | delibird | Vital Spirit,4,"Delibird carries its food bundled up in its tail. There once was a famous explorer who managed to reach the peak of the world’s highest mountain, thanks to one of these Pokémon sharing its food.",https://scrapeme.live/shop/Delibird/,14
Heracross,£143.00,143.0,9256,49 in stock,49,Pokemon | Single Horn,heracross | Single Horn | Swarm,Pokemon | Single Horn | heracross | Swarm,4,"Heracross has sharp claws on its feet. These are planted firmly into the ground or the bark of a tree, giving the Pokémon a secure and solid footing to forcefully fling away foes with its proud horn.",https://scrapeme.live/shop/Heracross/,14
Houndoom,£78.00,78.0,2081,40 in stock,40,Dark | Pokemon,Dark | Flash Fire | houndoom,Dark | Pokemon | Flash Fire | houndoom,4,"In a Houndoom pack, the one with its horns raked sharply toward the back serves a leadership role. These Pokémon choose their leader by fighting among themselves.",https://scrapeme.live/shop/Houndoom/,14
Houndour,£144.00,144.0,7965,184 in stock,184,Dark | Pokemon,Dark | Flash Fire | houndour,Dark | Pokemon | Flash Fire | houndour,4,Houndour hunt as a coordinated pack. They communicate with each other using a variety of cries to corner their prey. This Pokémon’s remarkable teamwork is unparalleled.,https://scrapeme.live/shop/Houndour/,14
Kingdra,£124.00,124.0,7090,206 in stock,206,Dragon | Pokemon,Dragon | kingdra | Swift Swim,Dragon | Pokemon | kingdra | Swift Swim,4,"Kingdra sleeps on the seafloor where it is otherwise devoid of life. When a storm arrives, the Pokémon is said to awaken and wander about in search of prey.",https://scrapeme.live/shop/Kingdra/,14
Magcargo,£36.00,36.0,3917,210 in stock,210,Lava | Pokemon,Flame Body | Lava | magcargo,Lava | Pokemon | Flame Body | magcargo,4,"Magcargo’s body temperature is approximately 18,000 degrees Fahrenheit. Water is vaporized on contact. If this Pokémon is caught in the rain, the raindrops instantly turn into steam, cloaking the area in a thick fog.",https://scrapeme.live/shop/Magcargo/,14
Mantine,£114.00,114.0,3704,195 in stock,195,Kite | Pokemon,Kite | mantine | Water Absorb,Kite | Pokemon | mantine | Water Absorb,4,"On sunny days, schools of Mantine can be seen elegantly leaping over the sea’s waves. This Pokémon is not bothered by the Remoraid that hitches rides.",https://scrapeme.live/shop/Mantine/,14
Octillery,£94.00,94.0,9000,150 in stock,150,Jet | Pokemon,Jet | octillery | Sniper,Jet | Pokemon | octillery | Sniper,4,"Octillery grabs onto its foe using its tentacles. This Pokémon tries to immobilize it before delivering the finishing blow. If the foe turns out to be too strong, Octillery spews ink to escape.",https://scrapeme.live/shop/Octillery/,14
Piloswine,£84.00,84.0,4003,276 in stock,276,Pokemon | Swine,Oblivious | piloswine | Swine,Pokemon | Swine | Oblivious | piloswine,4,Piloswine is covered by a thick coat of long hair that enables it to endure the freezing cold. This Pokémon uses its tusks to dig up food that has been buried under ice.,https://scrapeme.live/shop/Piloswine/,14
Remoraid,£122.00,122.0,4952,46 in stock,46,Jet | Pokemon,Jet | remoraid | Sniper,Jet | Pokemon | remoraid | Sniper,4,"Remoraid sucks in water, then expels it at high velocity using its abdominal muscles to shoot down flying prey. When evolution draws near, this Pokémon travels downstream from rivers.",https://scrapeme.live/shop/Remoraid/,14
Skarmory,£199.00,199.0,1057,102 in stock,102,Armor Bird | Pokemon,Armor Bird | Keen Eye | skarmory,Armor Bird | Pokemon | Keen Eye | skarmory,4,"Skarmory’s steel wings become tattered and bashed in from repeated battles. Once a year, the battered wings grow back completely, restoring the cutting edges to their pristine state.",https://scrapeme.live/shop/Skarmory/,14
Sneasel,£108.00,108.0,5017,141 in stock,141,Pokemon | Sharp Claw,Keen Eye | Sharp Claw | sneasel,Pokemon | Sharp Claw | Keen Eye | sneasel,4,Sneasel scales trees by punching its hooked claws into the bark. This Pokémon seeks out unguarded nests and steals eggs for food while the parents are away.,https://scrapeme.live/shop/Sneasel/,14
Swinub,£132.00,132.0,8647,250 in stock,250,Pig | Pokemon,Oblivious | Pig | swinub,Pig | Pokemon | Oblivious | swinub,4,Swinub roots for food by rubbing its snout against the ground. Its favorite food is a mushroom that grows under the cover of dead grass. This Pokémon occasionally roots out hot springs.,https://scrapeme.live/shop/Swinub/,14
Teddiursa,£173.00,173.0,7681,274 in stock,274,Little Bear | Pokemon,Little Bear | Pickup | teddiursa,Little Bear | Pokemon | Pickup | teddiursa,4,This Pokémon likes to lick its palms that are sweetened by being soaked in honey. Teddiursa concocts its own honey by blending fruits and pollen collected by Beedrill.,https://scrapeme.live/shop/Teddiursa/,14
Ursaring,£31.00,31.0,7576,209 in stock,209,Hibernator | Pokemon,Guts | Hibernator | ursaring,Hibernator | Pokemon | Guts | ursaring,4,"In the forests inhabited by Ursaring, it is said that there are many streams and towering trees where they gather food. This Pokémon walks through its forest gathering food every day.",https://scrapeme.live/shop/Ursaring/,14
Blissey,£31.00,31.0,8632,289 in stock,289,Happiness | Pokemon,blissey | Happiness | Natural Cure,Happiness | Pokemon | blissey | Natural Cure,4,"Blissey senses sadness with its fluffy coat of fur. If it does so, this Pokémon will rush over to a sad person, no matter how far away, to share a Lucky Egg that brings a smile to any face.",https://scrapeme.live/shop/Blissey/,15
Donphan,£89.00,89.0,3134,197 in stock,197,Armor | Pokemon,Armor | donphan | Sturdy,Armor | Pokemon | donphan | Sturdy,4,"If Donphan were to tackle with its hard body, even a house could be destroyed. Using its massive strength, the Pokémon helps clear rock and mud slides that block mountain trails.",https://scrapeme.live/shop/Donphan/,15
Elekid,£104.00,104.0,5157,131 in stock,131,Electric | Pokemon,Electric | elekid | Static,Electric | Pokemon | elekid | Static,4,"Elekid stores electricity in its body. If it touches metal and accidentally discharges all its built-up electricity, this Pokémon begins swinging its arms in circles to recharge itself.",https://scrapeme.live/shop/Elekid/,15
Entei,£27.00,27.0,9592,36 in stock,36,Pokemon | Volcano,entei | Pressure | Volcano,Pokemon | Volcano | entei | Pressure,4,Entei embodies the passion of magma. This Pokémon is thought to have been born in the eruption of a volcano. It sends up massive bursts of fire that utterly consume all that they touch.,https://scrapeme.live/shop/Entei/,15
Hitmontop,£149.00,149.0,3340,47 in stock,47,Handstand | Pokemon,Handstand | hitmontop | Intimidate,Handstand | Pokemon | hitmontop | Intimidate,4,"Hitmontop spins on its head at high speed, all the while delivering kicks. This technique is a remarkable mix of both offense and defense at the same time. The Pokémon travels faster spinning than it does walking.",https://scrapeme.live/shop/Hitmontop/,15
Larvitar,£26.00,26.0,9302,31 in stock,31,Pokemon | Rock Skin,Guts | larvitar | Rock Skin,Pokemon | Rock Skin | Guts | larvitar,4,"Larvitar is born deep under the ground. To come up to the surface, this Pokémon must eat its way through the soil above. Until it does so, Larvitar cannot see its parents.",https://scrapeme.live/shop/Larvitar/,15
Magby,£40.00,40.0,5864,21 in stock,21,Live Coal | Pokemon,Flame Body | Live Coal | magby,Live Coal | Pokemon | Flame Body | magby,4,"Magby’s state of health is determined by observing the fire it breathes. If the Pokémon is spouting yellow flames from its mouth, it is in good health. When it is fatigued, black smoke will be mixed in with the flames.",https://scrapeme.live/shop/Magby/,15
Miltank,£26.00,26.0,1586,12 in stock,12,Milk Cow | Pokemon,Milk Cow | miltank | Thick Fat,Milk Cow | Pokemon | miltank | Thick Fat,4,Miltank gives over five gallons of milk on a daily basis. Its sweet milk is enjoyed by children and grown-ups alike. People who can’t drink milk turn it into yogurt and eat it instead.,https://scrapeme.live/shop/Miltank/,15
Phanpy,£129.00,129.0,7852,120 in stock,120,Long Nose | Pokemon,Long Nose | phanpy | Pickup,Long Nose | Pokemon | phanpy | Pickup,4,"Phanpy uses its long nose to shower itself. When others gather around, they thoroughly douse each other with water. These Pokémon can be seen drying their soaking-wet bodies at the edge of water.",https://scrapeme.live/shop/Phanpy/,15
Porygon2,£151.00,151.0,4420,210 in stock,210,Pokemon | Virtual,porygon2 | Trace | Virtual,Pokemon | Virtual | porygon2 | Trace,4,Porygon2 was created by humans using the power of science. The man-made Pokémon has been endowed with artificial intelligence that enables it to learn new gestures and emotions on its own.,https://scrapeme.live/shop/Porygon2/,15
Raikou,£66.00,66.0,5989,276 in stock,276,Pokemon | Thunder,Pressure | raikou | Thunder,Pokemon | Thunder | Pressure | raikou,4,Raikou embodies the speed of lightning. The roars of this Pokémon send shock waves shuddering through the air and shake the ground as if lightning bolts had come crashing down.,https://scrapeme.live/shop/Raikou/,15
Smeargle,£151.00,151.0,6497,56 in stock,56,Painter | Pokemon,Painter | smeargle | Technician,Painter | Pokemon | smeargle | Technician,4,"Smeargle marks the boundaries of its territory using a body fluid that leaks out from the tip of its tail. Over 5,000 different marks left by this Pokémon have been found.",https://scrapeme.live/shop/Smeargle/,15
Smoochum,£166.00,166.0,7637,116 in stock,116,Kiss | Pokemon,Kiss | Oblivious | smoochum,Kiss | Pokemon | Oblivious | smoochum,4,"Smoochum actively runs about, but also falls quite often. Whenever the chance arrives, it will look for its reflection to make sure its face hasn’t become dirty.",https://scrapeme.live/shop/Smoochum/,15
Stantler,£33.00,33.0,3706,278 in stock,278,Big Horn | Pokemon,Big Horn | Intimidate | stantler,Big Horn | Pokemon | Intimidate | stantler,4,"Stantler’s magnificent antlers were traded at high prices as works of art. As a result, this Pokémon was hunted close to extinction by those who were after the priceless antlers.",https://scrapeme.live/shop/Stantler/,15
Suicune,£68.00,68.0,8586,275 in stock,275,Aurora | Pokemon,Aurora | Pressure | suicune,Aurora | Pokemon | Pressure | suicune,4,Suicune embodies the compassion of a pure spring of water. It runs across the land with gracefulness. This Pokémon has the power to purify dirty water.,https://scrapeme.live/shop/Suicune/,15
Tyrogue,£145.00,145.0,7594,76 in stock,76,Pokemon | Scuffle,Guts | Scuffle | tyrogue,Pokemon | Scuffle | Guts | tyrogue,4,"Tyrogue becomes stressed out if it does not get to train every day. When raising this Pokémon, the Trainer must establish and uphold various training methods.",https://scrapeme.live/shop/Tyrogue/,15
Blaziken,£40.00,40.0,7662,139 in stock,139,Blaze | Pokemon,Blaze | blaziken,Blaze | Pokemon | blaziken,3,Blaziken has incredibly strong legs—it can easily clear a 30-story building in one leap. This Pokémon’s blazing punches leave its foes scorched and blackened.,https://scrapeme.live/shop/Blaziken/,16
Celebi,£111.00,111.0,1144,154 in stock,154,Pokemon | Time Travel,celebi | Natural Cure | Time Travel,Pokemon | Time Travel | celebi | Natural Cure,4,"This Pokémon came from the future by crossing over time. It is thought that so long as Celebi appears, a bright and shining future awaits us.",https://scrapeme.live/shop/Celebi/,16
Combusken,£68.00,68.0,9912,257 in stock,257,Pokemon | Young Fowl,Blaze | combusken | Young Fowl,Pokemon | Young Fowl | Blaze | combusken,4,Combusken battles with the intensely hot flames it spews from its beak and with outstandingly destructive kicks. This Pokémon’s cry is very loud and distracting.,https://scrapeme.live/shop/Combusken/,16
Grovyle,£190.00,190.0,9191,195 in stock,195,Pokemon | Wood Gecko,grovyle | Overgrow | Wood Gecko,Pokemon | Wood Gecko | grovyle | Overgrow,4,"This Pokémon adeptly flies from branch to branch in trees. In a forest, no Pokémon can ever hope to catch a fleeing Grovyle however fast they may be.",https://scrapeme.live/shop/Grovyle/,16
Ho-oh,£91.00,91.0,2198,228 in stock,228,Pokemon | Rainbow,ho-oh | Pressure | Rainbow,Pokemon | Rainbow | ho-oh | Pressure,4,Ho-Oh’s feathers glow in seven colors depending on the angle at which they are struck by light. These feathers are said to bring happiness to the bearers. This Pokémon is said to live at the foot of a rainbow.,https://scrapeme.live/shop/Ho-oh/,16
Lugia,£86.00,86.0,2564,57 in stock,57,Diving | Pokemon,Diving | lugia | Pressure,Diving | Pokemon | lugia | Pressure,4,"Lugia’s wings pack devastating power—a light fluttering of its wings can blow apart regular houses. As a result, this Pokémon chooses to live out of sight deep under the sea.",https://scrapeme.live/shop/Lugia/,16
Marshtomp,£152.00,152.0,6721,258 in stock,258,Mud Fish | Pokemon,marshtomp | Mud Fish | Torrent,Mud Fish | Pokemon | marshtomp | Torrent,4,"Marshtomp is much faster at traveling through mud than it is at swimming. This Pokémon’s hindquarters exhibit obvious development, giving it the ability to walk on just its hind legs.",https://scrapeme.live/shop/Marshtomp/,16
Mightyena,£175.00,175.0,4220,173 in stock,173,Bite | Pokemon,Bite | Intimidate | mightyena,Bite | Pokemon | Intimidate | mightyena,4,Mightyena travel and act as a pack in the wild. The memory of its life in the wild compels the Pokémon to obey only those Trainers that it recognizes to possess superior skill.,https://scrapeme.live/shop/Mightyena/,16
Mudkip,£140.00,140.0,5363,193 in stock,193,Mud Fish | Pokemon,Mud Fish | mudkip | Torrent,Mud Fish | Pokemon | mudkip | Torrent,4,"In water, Mudkip breathes using the gills on its cheeks. If it is faced with a tight situation in battle, this Pokémon will unleash its amazing power—it can crush rocks bigger than itself.",https://scrapeme.live/shop/Mudkip/,16
Poochyena,£130.00,130.0,4801,265 in stock,265,Bite | Pokemon,Bite | poochyena | Run Away,Bite | Pokemon | poochyena | Run Away,4,Poochyena is an omnivore—it will eat anything. A distinguishing feature is how large its fangs are compared to its body. This Pokémon tries to intimidate its foes by making the hair on its tail bristle out.,https://scrapeme.live/shop/Poochyena/,16
Pupitar,£114.00,114.0,4140,221 in stock,221,Hard Shell | Pokemon,Hard Shell | pupitar | Shed Skin,Hard Shell | Pokemon | pupitar | Shed Skin,4,Pupitar creates a gas inside its body that it compresses and forcefully ejects to propel itself like a jet. The body is very durable—it avoids damage even if it hits solid steel.,https://scrapeme.live/shop/Pupitar/,16
Sceptile,£37.00,37.0,4619,159 in stock,159,Forest | Pokemon,Forest | Overgrow | sceptile,Forest | Pokemon | Overgrow | sceptile,4,Sceptile has seeds growing on its back. They are said to be bursting with nutrients that revitalize trees. This Pokémon raises the trees in a forest with loving care.,https://scrapeme.live/shop/Sceptile/,16
Swampert,£144.00,144.0,9105,113 in stock,113,Mud Fish | Pokemon,Mud Fish | swampert | Torrent,Mud Fish | Pokemon | swampert | Torrent,4,"Swampert predicts storms by sensing subtle differences in the sounds of waves and tidal winds with its fins. If a storm is approaching, it piles up boulders to protect itself.",https://scrapeme.live/shop/Swampert/,16
Torchic,£28.00,28.0,5952,290 in stock,290,Chick | Pokemon,Blaze | Chick | torchic,Chick | Pokemon | Blaze | torchic,4,Torchic has a place inside its body where it keeps its flame. Give it a hug—it will be glowing with warmth. This Pokémon is covered all over by a fluffy coat of down.,https://scrapeme.live/shop/Torchic/,16
Treecko,£96.00,96.0,4817,93 in stock,93,Pokemon | Wood Gecko,Overgrow | treecko | Wood Gecko,Pokemon | Wood Gecko | Overgrow | treecko,4,"Treecko is cool, calm, and collected—it never panics under any situation. If a bigger foe were to glare at this Pokémon, it would glare right back without conceding an inch of ground.",https://scrapeme.live/shop/Treecko/,16
Tyranitar,£190.00,190.0,8144,86 in stock,86,Armor | Pokemon,Armor | Sand Stream | tyranitar,Armor | Pokemon | Sand Stream | tyranitar,4,"Tyranitar is so overwhelmingly powerful, it can bring down a whole mountain to make its nest. This Pokémon wanders about in mountains seeking new opponents to fight.",https://scrapeme.live/shop/Tyranitar/,16
Beautifly,£145.00,145.0,4100,42 in stock,42,Butterfly | Pokemon,beautifly | Butterfly | Swarm,Butterfly | Pokemon | beautifly | Swarm,4,"Beautifly has a long mouth like a coiled needle, which is very convenient for collecting pollen from flowers. This Pokémon rides the spring winds as it flits around gathering pollen.",https://scrapeme.live/shop/Beautifly/,17
Cascoon,£166.00,166.0,3702,122 in stock,122,Cocoon | Pokemon,cascoon | Cocoon | Shed Skin,Cocoon | Pokemon | cascoon | Shed Skin,4,"If it is attacked, Cascoon remains motionless however badly it may be hurt. It does so because if it were to move, its body would be weak upon evolution. This Pokémon will also not forget the pain it endured.",https://scrapeme.live/shop/Cascoon/,17
Dustox,£91.00,91.0,4491,23 in stock,23,Poison Moth | Pokemon,dustox | Poison Moth | Shield Dust,Poison Moth | Pokemon | dustox | Shield Dust,4,"When Dustox flaps its wings, a fine dust is scattered all over. This dust is actually a powerful poison that will even make a pro wrestler sick. This Pokémon searches for food using its antennae like radar.",https://scrapeme.live/shop/Dustox/,17
Linoone,£81.00,81.0,5845,24 in stock,24,Pokemon | Rushing,linoone | Pickup | Rushing,Pokemon | Rushing | linoone | Pickup,4,"When hunting, Linoone will make a beeline straight for the prey at a full run. While this Pokémon is capable of topping 60 mph, it has to come to a screeching halt before it can turn.",https://scrapeme.live/shop/Linoone/,17
Lombre,£79.00,79.0,9674,203 in stock,203,Jolly | Pokemon,Jolly | lombre | Swift Swim,Jolly | Pokemon | lombre | Swift Swim,4,"Lombre’s entire body is covered by a slippery, slimy film. It feels horribly unpleasant to be touched by this Pokémon’s hands. Lombre is often mistaken for a human child.",https://scrapeme.live/shop/Lombre/,17
Lotad,£161.00,161.0,5098,187 in stock,187,Pokemon | Water Weed,lotad | Swift Swim | Water Weed,Pokemon | Water Weed | lotad | Swift Swim,4,"Lotad is said to have dwelled on land before. However, this Pokémon is thought to have returned to water because the leaf on its head grew large and heavy. It now lives by floating atop the water.",https://scrapeme.live/shop/Lotad/,17
Ludicolo,£189.00,189.0,6718,181 in stock,181,Carefree | Pokemon,Carefree | ludicolo | Swift Swim,Carefree | Pokemon | ludicolo | Swift Swim,4,"Upon hearing an upbeat and cheerful rhythm, the cells in Ludicolo’s body become very energetic and active. Even in battle, this Pokémon will exhibit an amazing amount of power.",https://scrapeme.live/shop/Ludicolo/,17
Nuzleaf,£26.00,26.0,3835,216 in stock,216,Pokemon | Wily,Chlorophyll | nuzleaf | Wily,Pokemon | Wily | Chlorophyll | nuzleaf,4,This Pokémon pulls out the leaf on its head and makes a flute with it. The sound of Nuzleaf’s flute strikes fear and uncertainty in the hearts of people lost in a forest.,https://scrapeme.live/shop/Nuzleaf/,17
Seedot,£26.00,26.0,8692,28 in stock,28,Acorn | Pokemon,Acorn | Chlorophyll | seedot,Acorn | Pokemon | Chlorophyll | seedot,4,Seedot looks exactly like an acorn when it is dangling from a tree branch. It startles other Pokémon by suddenly moving. This Pokémon polishes its body once a day using leaves.,https://scrapeme.live/shop/Seedot/,17
Shiftry,£157.00,157.0,6957,232 in stock,232,Pokemon | Wicked,Chlorophyll | shiftry | Wicked,Pokemon | Wicked | Chlorophyll | shiftry,4,Shiftry’s large fans generate awesome gusts of wind at a speed close to 100 feet per second. The whipped-up wind blows anything away. This Pokémon chooses to live quietly deep in forests.,https://scrapeme.live/shop/Shiftry/,17
Silcoon,£80.00,80.0,4018,86 in stock,86,Cocoon | Pokemon,Cocoon | Shed Skin | silcoon,Cocoon | Pokemon | Shed Skin | silcoon,4,"Silcoon was thought to endure hunger and not consume anything before its evolution. However, it is now thought that this Pokémon slakes its thirst by drinking rainwater that collects on its silk.",https://scrapeme.live/shop/Silcoon/,17
Swellow,£88.00,88.0,6736,257 in stock,257,Pokemon | Swallow,Guts | Swallow | swellow,Pokemon | Swallow | Guts | swellow,4,"Swellow is very conscientious about the upkeep of its glossy wings. Once two Swellow are gathered, they diligently take care of cleaning each other’s wings.",https://scrapeme.live/shop/Swellow/,17
Taillow,£85.00,85.0,5591,204 in stock,204,Pokemon | Tiny Swallow,Guts | taillow | Tiny Swallow,Pokemon | Tiny Swallow | Guts | taillow,4,"Taillow is young—it has only just left its nest. As a result, it sometimes becomes lonesome and cries at night. This Pokémon feeds on Wurmple that live in forests.",https://scrapeme.live/shop/Taillow/,17
Wingull,£153.00,153.0,4325,41 in stock,41,Pokemon | Seagull,Keen Eye | Seagull | wingull,Pokemon | Seagull | Keen Eye | wingull,4,Wingull rides updrafts rising from the sea by extending its long and narrow wings to glide. This Pokémon’s long beak is useful for catching prey.,https://scrapeme.live/shop/Wingull/,17
Wurmple,£195.00,195.0,4841,34 in stock,34,Pokemon | Worm,Shield Dust | Worm | wurmple,Pokemon | Worm | Shield Dust | wurmple,4,Wurmple is targeted by Swellow as prey. This Pokémon will try to resist by pointing the spikes on its rear at the attacking predator. It will weaken the foe by leaking poison from the spikes.,https://scrapeme.live/shop/Wurmple/,17
Zigzagoon,£83.00,83.0,5175,281 in stock,281,Pokemon | Tiny Raccoon,Pickup | Tiny Raccoon | zigzagoon,Pokemon | Tiny Raccoon | Pickup | zigzagoon,4,The hair on Zigzagoon’s back is bristly. It rubs the hard back hair against trees to leave its territorial markings. This Pokémon may play dead to fool foes in battle.,https://scrapeme.live/shop/Zigzagoon/,17
Breloom,£113.00,113.0,7305,250 in stock,250,Mushroom | Pokemon,breloom | Effect Spore | Mushroom,Mushroom | Pokemon | breloom | Effect Spore,4,The seeds ringing Breloom’s tail are made of hardened toxic spores. It is horrible to eat the seeds. Just taking a bite of this Pokémon’s seed will cause your stomach to rumble.,https://scrapeme.live/shop/Breloom/,18
Gardevoir,£34.00,34.0,8609,178 in stock,178,Embrace | Pokemon,Embrace | gardevoir | Synchronize,Embrace | Pokemon | gardevoir | Synchronize,4,Gardevoir has the psychokinetic power to distort the dimensions and create a small black hole. This Pokémon will try to protect its Trainer even at the risk of its own life.,https://scrapeme.live/shop/Gardevoir/,18
Kirlia,£186.00,186.0,1243,148 in stock,148,Emotion | Pokemon,Emotion | kirlia | Synchronize,Emotion | Pokemon | kirlia | Synchronize,4,"Kirlia uses the horns on its head to amplify its psychokinetic power. When the Pokémon uses its power, the air around it becomes distorted, creating mirages of nonexistent scenery.",https://scrapeme.live/shop/Kirlia/,18
Loudred,£145.00,145.0,8065,95 in stock,95,Big Voice | Pokemon,Big Voice | loudred | Soundproof,Big Voice | Pokemon | loudred | Soundproof,4,"Loudred shouts while stamping its feet. After it finishes shouting, this Pokémon becomes incapable of hearing anything for a while. This is considered to be a weak point.",https://scrapeme.live/shop/Loudred/,18
Masquerain,£39.00,39.0,4576,99 in stock,99,Eyeball | Pokemon,Eyeball | Intimidate | masquerain,Eyeball | Pokemon | Intimidate | masquerain,4,"Masquerain’s antennas have eyelike patterns that usually give it an angry look. If the “eyes” are droopy and appear sad, it is said to be a sign that a heavy rainfall is on its way.",https://scrapeme.live/shop/Masquerain/,18
Nincada,£38.00,38.0,4001,239 in stock,239,Pokemon | Trainee,Compound Eyes | nincada | Trainee,Pokemon | Trainee | Compound Eyes | nincada,4,Nincada lives underground. It uses its sharp claws to carve the roots of trees and absorb moisture and nutrients. This Pokémon can’t withstand bright sunlight so avoids it.,https://scrapeme.live/shop/Nincada/,18
Ninjask,£161.00,161.0,5002,276 in stock,276,Ninja | Pokemon,Ninja | ninjask | Speed Boost,Ninja | Pokemon | ninjask | Speed Boost,4,"If Ninjask is not trained properly, it will refuse to obey the Trainer and cry loudly continuously. Because of this quality, this Pokémon is said to be one that puts the Trainer’s abilities to the test.",https://scrapeme.live/shop/Ninjask/,18
Pelipper,£158.00,158.0,2276,296 in stock,296,Pokemon | Water Bird,Keen Eye | pelipper | Water Bird,Pokemon | Water Bird | Keen Eye | pelipper,4,"Pelipper searches for food while in flight by skimming the wave tops. This Pokémon dips its large bill in the sea to scoop up food, then swallows everything in one big gulp.",https://scrapeme.live/shop/Pelipper/,18
Ralts,£151.00,151.0,1217,35 in stock,35,Feeling | Pokemon,Feeling | ralts | Synchronize,Feeling | Pokemon | ralts | Synchronize,4,"Ralts has the ability to sense the emotions of people. If its Trainer is in a cheerful mood, this Pokémon grows cheerful and joyous in the same way.",https://scrapeme.live/shop/Ralts/,18
Shedinja,£128.00,128.0,2572,152 in stock,152,Pokemon | Shed,Shed | shedinja | Wonder Guard,Pokemon | Shed | shedinja | Wonder Guard,4,Shedinja is a peculiar Pokémon. It seems to appear unsought in a Poké Ball after a Nincada evolves. This bizarre Pokémon is entirely immobile—it doesn’t even breathe.,https://scrapeme.live/shop/Shedinja/,18
Shroomish,£31.00,31.0,8176,160 in stock,160,Mushroom | Pokemon,Effect Spore | Mushroom | shroomish,Mushroom | Pokemon | Effect Spore | shroomish,4,"If Shroomish senses danger, it shakes its body and scatters spores from the top of its head. This Pokémon’s spores are so toxic, they make trees and weeds wilt.",https://scrapeme.live/shop/Shroomish/,18
Slaking,£119.00,119.0,3413,145 in stock,145,Lazy | Pokemon,Lazy | slaking | Truant,Lazy | Pokemon | slaking | Truant,4,"Wherever Slaking live, rings of over a yard in diameter appear in grassy fields. They are made by the Pokémon as it eats all the grass within reach while lying prone on the ground.",https://scrapeme.live/shop/Slaking/,18
Slakoth,£69.00,69.0,6989,300 in stock,300,Pokemon | Slacker,Slacker | slakoth | Truant,Pokemon | Slacker | slakoth | Truant,4,"Slakoth’s heart beats just once a minute. Whatever happens, it is content to loaf around motionless. It is rare to see this Pokémon in motion.",https://scrapeme.live/shop/Slakoth/,18
Surskit,£112.00,112.0,4453,41 in stock,41,Pokemon | Pond Skater,Pond Skater | surskit | Swift Swim,Pokemon | Pond Skater | surskit | Swift Swim,4,"If Surskit senses danger, it secretes a thick, sugary syrup from the tip of its head. There are some Pokémon that love eating this syrup.",https://scrapeme.live/shop/Surskit/,18
Vigoroth,£25.00,25.0,9710,299 in stock,299,Pokemon | Wild Monkey,vigoroth | Vital Spirit | Wild Monkey,Pokemon | Wild Monkey | vigoroth | Vital Spirit,4,"Vigoroth is simply incapable of remaining still. Even when it tries to sleep, the blood in its veins grows agitated, compelling this Pokémon to run wild throughout the jungle before it can settle down.",https://scrapeme.live/shop/Vigoroth/,18
Whismur,£137.00,137.0,1446,216 in stock,216,Pokemon | Whisper,Soundproof | whismur | Whisper,Pokemon | Whisper | Soundproof | whismur,4,"Whismur is very timid. If it starts to cry loudly, it becomes startled by its own crying and cries even harder. When it finally stops crying, the Pokémon goes to sleep, all tired out.",https://scrapeme.live/shop/Whismur/,18
Aggron,£140.00,140.0,1323,61 in stock,61,Iron Armor | Pokemon,aggron | Iron Armor | Rock Head,Iron Armor | Pokemon | aggron | Rock Head,4,"Aggron is protective of its environment. If its mountain is ravaged by a landslide or a fire, this Pokémon will haul topsoil to the area, plant trees, and beautifully restore its own territory.",https://scrapeme.live/shop/Aggron/,19
Aron,£149.00,149.0,1520,104 in stock,104,Iron Armor | Pokemon,aron | Iron Armor | Rock Head,Iron Armor | Pokemon | aron | Rock Head,4,"Aron has a body of steel. With one all-out charge, this Pokémon can demolish even a heavy dump truck. The destroyed dump truck then becomes a handy meal for the Pokémon.",https://scrapeme.live/shop/Aron/,19
Azurill,£70.00,70.0,7001,37 in stock,37,Pokemon | Polka Dot,azurill | Polka Dot | Thick Fat,Pokemon | Polka Dot | azurill | Thick Fat,4,"Azurill’s tail is large and bouncy. It is packed full of the nutrients this Pokémon needs to grow. Azurill can be seen bouncing and playing on its big, rubbery tail.",https://scrapeme.live/shop/Azurill/,19
Delcatty,£170.00,170.0,3487,148 in stock,148,Pokemon | Prim,Cute Charm | delcatty | Prim,Pokemon | Prim | Cute Charm | delcatty,4,"Delcatty sleeps anywhere it wants without keeping a permanent nest. If other Pokémon approach it as it sleeps, this Pokémon will never fight—it will just move away somewhere else.",https://scrapeme.live/shop/Delcatty/,19
Electrike,£145.00,145.0,8674,124 in stock,124,Lightning | Pokemon,electrike | Lightning | Static,Lightning | Pokemon | electrike | Static,4,"Electrike runs faster than the human eye can follow. The friction from running is converted into electricity, which is then stored in this Pokémon’s fur.",https://scrapeme.live/shop/Electrike/,19
Exploud,£161.00,161.0,2334,89 in stock,89,Loud Noise | Pokemon,exploud | Loud Noise | Soundproof,Loud Noise | Pokemon | exploud | Soundproof,4,Exploud communicates its feelings to the others by emitting whistle-like sounds from the tubes on its body. This Pokémon only raises its voice when it is in battle.,https://scrapeme.live/shop/Exploud/,19
Hariyama,£176.00,176.0,2656,275 in stock,275,Arm Thrust | Pokemon,Arm Thrust | Guts | hariyama,Arm Thrust | Pokemon | Guts | hariyama,4,"Hariyama’s thick body may appear fat, but it is actually a hunk of solid muscle. If this Pokémon bears down and tightens all its muscles, its body becomes as hard as a rock.",https://scrapeme.live/shop/Hariyama/,19
Lairon,£70.00,70.0,7087,236 in stock,236,Iron Armor | Pokemon,Iron Armor | lairon | Rock Head,Iron Armor | Pokemon | lairon | Rock Head,4,"Lairon feeds on iron contained in rocks and water. It makes its nest on mountains where iron ore is buried. As a result, the Pokémon often clashes with humans mining the iron ore.",https://scrapeme.live/shop/Lairon/,19
Makuhita,£30.00,30.0,2035,109 in stock,109,Guts | Pokemon,Guts | makuhita,Guts | Pokemon | makuhita,3,"Makuhita has a tireless spirit—it will never give up hope. It eats a lot of food, gets plenty of sleep, and it trains very rigorously. By living that way, this Pokémon packs its body with energy.",https://scrapeme.live/shop/Makuhita/,19
Manectric,£76.00,76.0,5500,237 in stock,237,Discharge | Pokemon,Discharge | manectric | Static,Discharge | Pokemon | manectric | Static,4,Manectric discharges strong electricity from its mane. The mane is used for collecting electricity in the atmosphere. This Pokémon creates thunderclouds above its head.,https://scrapeme.live/shop/Manectric/,19
Mawile,£119.00,119.0,2329,133 in stock,133,Deceiver | Pokemon,Deceiver | Intimidate | mawile,Deceiver | Pokemon | Intimidate | mawile,4,"Don’t be taken in by this Pokémon’s cute face—it’s very dangerous. Mawile fools the foe into letting down its guard, then chomps down with its massive jaws. The steel jaws are really horns that have been transformed.",https://scrapeme.live/shop/Mawile/,19
Medicham,£77.00,77.0,2121,150 in stock,150,Meditate | Pokemon,medicham | Meditate | Pure Power,Meditate | Pokemon | medicham | Pure Power,4,"Through the power of meditation, Medicham developed its sixth sense. It gained the ability to use psychokinetic powers. This Pokémon is known to meditate for a whole month without eating.",https://scrapeme.live/shop/Medicham/,19
Meditite,£97.00,97.0,8998,11 in stock,11,Meditate | Pokemon,Meditate | meditite | Pure Power,Meditate | Pokemon | meditite | Pure Power,4,Meditite heightens its inner energy through meditation. It survives on just one berry a day. Minimal eating is another aspect of this Pokémon’s training.,https://scrapeme.live/shop/Meditite/,19
Nosepass,£41.00,41.0,5893,111 in stock,111,Compass | Pokemon,Compass | nosepass | Sturdy,Compass | Pokemon | nosepass | Sturdy,4,"Nosepass had been said to be completely unmoving, with its magnetic nose pointed due north. However, close observation has revealed that the Pokémon actually moves by a little over 3/8 of an inch every year.",https://scrapeme.live/shop/Nosepass/,19
Sableye,£81.00,81.0,2323,12 in stock,12,Darkness | Pokemon,Darkness | Keen Eye | sableye,Darkness | Pokemon | Keen Eye | sableye,4,Sableye digs the ground with sharpened claws to find rocks that it eats. Substances in the eaten rocks crystallize and rise up to the Pokémon’s body surface.,https://scrapeme.live/shop/Sableye/,19
Skitty,£156.00,156.0,7257,27 in stock,27,Kitten | Pokemon,Cute Charm | Kitten | skitty,Kitten | Pokemon | Cute Charm | skitty,4,"Skitty is known to chase around playfully after its own tail. In the wild, this Pokémon lives in holes in the trees of forests. It is very popular as a pet because of its adorable looks.",https://scrapeme.live/shop/Skitty/,19
Camerupt,£124.00,124.0,7274,27 in stock,27,Eruption | Pokemon,camerupt | Eruption | Magma Armor,Eruption | Pokemon | camerupt | Magma Armor,4,The humps on Camerupt’s back are formed by a transformation of its bones. They sometimes blast out molten magma. This Pokémon apparently erupts often when it is enraged.,https://scrapeme.live/shop/Camerupt/,20
Carvanha,£25.00,25.0,8826,80 in stock,80,Pokemon | Savage,carvanha | Rough Skin | Savage,Pokemon | Savage | carvanha | Rough Skin,4,"If anything invades Carvanha’s territory, it will swarm and tear at the intruder with its pointed fangs. On its own, however, this Pokémon turns suddenly timid.",https://scrapeme.live/shop/Carvanha/,20
Grumpig,£182.00,182.0,6263,60 in stock,60,Manipulate | Pokemon,grumpig | Manipulate | Own Tempo,Manipulate | Pokemon | grumpig | Own Tempo,4,"Grumpig uses the black pearls on its body to wield its fantastic powers. When it is doing so, it dances bizarrely. This Pokémon’s black pearls are valuable as works of art.",https://scrapeme.live/shop/Grumpig/,20
Gulpin,£136.00,136.0,5122,35 in stock,35,Pokemon | Stomach,gulpin | Liquid Ooze | Stomach,Pokemon | Stomach | gulpin | Liquid Ooze,4,Most of Gulpin’s body is made up of its stomach—its heart and brain are very small in comparison. This Pokémon’s stomach contains special enzymes that dissolve anything.,https://scrapeme.live/shop/Gulpin/,20
Illumise,£167.00,167.0,7540,77 in stock,77,Firefly | Pokemon,Firefly | illumise | Tinted Lens,Firefly | Pokemon | illumise | Tinted Lens,4,Illumise leads a flight of illuminated Volbeat to draw signs in the night sky. This Pokémon is said to earn greater respect from its peers by composing more complex designs in the sky.,https://scrapeme.live/shop/Illumise/,20
Minun,£193.00,193.0,2294,215 in stock,215,Cheering | Pokemon,Cheering | minun | Minus,Cheering | Pokemon | minun | Minus,4,"Minun loves to cheer on its partner in battle. It gives off sparks from its body while it is doing so. If its partner is in trouble, this Pokémon gives off increasing amounts of sparks.",https://scrapeme.live/shop/Minun/,20
Numel,£170.00,170.0,1767,179 in stock,179,Numb | Pokemon,Numb | numel | Oblivious,Numb | Pokemon | numel | Oblivious,4,"Numel stores magma of almost 2,200 degrees Fahrenheit within its body. If it gets wet, the magma cools and hardens. In that event, the Pokémon’s body grows heavy and its movements become sluggish.",https://scrapeme.live/shop/Numel/,20
Plusle,£56.00,56.0,5972,243 in stock,243,Cheering | Pokemon,Cheering | Plus | plusle,Cheering | Pokemon | Plus | plusle,4,"When Plusle is cheering on its partner, it flashes with electric sparks from all over its body. If its partner loses, this Pokémon cries loudly.",https://scrapeme.live/shop/Plusle/,20
Roselia,£90.00,90.0,2703,114 in stock,114,Pokemon | Thorn,Poison Point | roselia | Thorn,Pokemon | Thorn | Poison Point | roselia,4,"On extremely rare occasions, a Roselia is said to appear with its flowers in unusual colors. The thorns on this Pokémon’s head contain a vicious poison.",https://scrapeme.live/shop/Roselia/,20
Sharpedo,£129.00,129.0,8327,160 in stock,160,Brutal | Pokemon,Brutal | Rough Skin | sharpedo,Brutal | Pokemon | Rough Skin | sharpedo,4,Sharpedo can swim at speeds of up to 75 mph by jetting seawater out of its backside. This Pokémon’s drawback is its inability to swim long distances.,https://scrapeme.live/shop/Sharpedo/,20
Spoink,£163.00,163.0,7700,208 in stock,208,Bounce | Pokemon,Bounce | Own Tempo | spoink,Bounce | Pokemon | Own Tempo | spoink,4,Spoink keeps a pearl on top of its head. The pearl functions to amplify this Pokémon’s psychokinetic powers. It is therefore on a constant search for a bigger pearl.,https://scrapeme.live/shop/Spoink/,20
Swalot,£130.00,130.0,2075,133 in stock,133,Poison Bag | Pokemon,Liquid Ooze | Poison Bag | swalot,Poison Bag | Pokemon | Liquid Ooze | swalot,4,"Swalot has no teeth, so what it eats, it swallows whole, no matter what. Its cavernous mouth yawns widely. An automobile tire could easily fit inside this Pokémon’s mouth.",https://scrapeme.live/shop/Swalot/,20
Torkoal,£98.00,98.0,4605,282 in stock,282,Coal | Pokemon,Coal | torkoal | White Smoke,Coal | Pokemon | torkoal | White Smoke,4,"Torkoal generates energy by burning coal. It grows weaker as the fire dies down. When it is preparing for battle, this Pokémon burns more coal.",https://scrapeme.live/shop/Torkoal/,20
Volbeat,£123.00,123.0,1715,79 in stock,79,Firefly | Pokemon,Firefly | Swarm | volbeat,Firefly | Pokemon | Swarm | volbeat,4,"Volbeat’s tail glows like a lightbulb. With other Volbeat, it uses its tail to draw geometric shapes in the night sky. This Pokémon loves the sweet aroma given off by Illumise.",https://scrapeme.live/shop/Volbeat/,20
Wailmer,£90.00,90.0,7524,115 in stock,115,Ball Whale | Pokemon,Ball Whale | Oblivious | wailmer,Ball Whale | Pokemon | Oblivious | wailmer,4,"Wailmer can store water inside its body to transform itself into a ball for bouncing around on the ground. By filling itself up with more water, this Pokémon can elevate the height of its bounces.",https://scrapeme.live/shop/Wailmer/,20
Wailord,£150.00,150.0,7833,47 in stock,47,Float Whale | Pokemon,Float Whale | Oblivious | wailord,Float Whale | Pokemon | Oblivious | wailord,4,"When chasing prey, Wailord herds them by leaping out of the water and making a humongous splash. It is breathtaking to see this Pokémon leaping out of the sea with others in its pod.",https://scrapeme.live/shop/Wailord/,20
Altaria,£104.00,104.0,9924,136 in stock,136,Humming | Pokemon,altaria | Humming | Natural Cure,Humming | Pokemon | altaria | Natural Cure,4,Altaria sings in a gorgeous soprano. Its wings are like cotton clouds. This Pokémon catches updrafts with its buoyant wings and soars way up into the wild blue yonder.,https://scrapeme.live/shop/Altaria/,21
Baltoy,£167.00,167.0,8305,159 in stock,159,Clay Doll | Pokemon,baltoy | Clay Doll | Levitate,Clay Doll | Pokemon | baltoy | Levitate,4,"As soon as it spots others of its kind, Baltoy congregates with them and then begins crying noisily in unison. This Pokémon sleeps while cleverly balancing itself on its one foot.",https://scrapeme.live/shop/Baltoy/,21
Cacnea,£105.00,105.0,5000,31 in stock,31,Cactus | Pokemon,cacnea | Cactus | Sand Veil,Cactus | Pokemon | cacnea | Sand Veil,4,"The more arid and harsh the environment, the more pretty and fragrant a flower Cacnea grows. This Pokémon battles by wildly swinging its thorny arms.",https://scrapeme.live/shop/Cacnea/,21
Cacturne,£31.00,31.0,8491,204 in stock,204,Pokemon | Scarecrow,cacturne | Sand Veil | Scarecrow,Pokemon | Scarecrow | cacturne | Sand Veil,4,"If a traveler is going through a desert in the thick of night, Cacturne will follow in a ragtag group. The Pokémon are biding their time, waiting for the traveler to tire and become incapable of moving.",https://scrapeme.live/shop/Cacturne/,21
Claydol,£197.00,197.0,3698,128 in stock,128,Clay Doll | Pokemon,Clay Doll | claydol | Levitate,Clay Doll | Pokemon | claydol | Levitate,4,"Claydol is an enigma that appeared from a clay statue made by an ancient civilization dating back 20,000 years. This Pokémon shoots beams from both its hands.",https://scrapeme.live/shop/Claydol/,21
Corphish,£178.00,178.0,8905,62 in stock,62,Pokemon | Ruffian,corphish | Ruffian | Shell Armor,Pokemon | Ruffian | corphish | Shell Armor,4,Corphish catches prey with its sharp claws. It has no likes or dislikes when it comes to food—it will eat anything. This Pokémon has no trouble living in filthy water.,https://scrapeme.live/shop/Corphish/,21
Crawdaunt,£173.00,173.0,3652,21 in stock,21,Pokemon | Rogue,crawdaunt | Rogue | Shell Armor,Pokemon | Rogue | crawdaunt | Shell Armor,4,"Crawdaunt molts (sheds) its shell regularly. Immediately after molting, its shell is soft and tender. Until the shell hardens, this Pokémon hides in its streambed burrow to avoid attack from its foes.",https://scrapeme.live/shop/Crawdaunt/,21
Flygon,£174.00,174.0,4103,42 in stock,42,Mystic | Pokemon,flygon | Levitate | Mystic,Mystic | Pokemon | flygon | Levitate,4,"Flygon whips up a sandstorm by flapping its wings. The wings create a series of notes that sound like singing. Because the “singing” is the only thing that can be heard in a sandstorm, this Pokémon is said to be the desert spirit.",https://scrapeme.live/shop/Flygon/,21
Lunatone,£177.00,177.0,5917,91 in stock,91,Meteorite | Pokemon,Levitate | lunatone | Meteorite,Meteorite | Pokemon | Levitate | lunatone,4,"Lunatone becomes active around the time of the full moon. Instead of walking, it moves by floating in midair. The Pokémon’s intimidating red eyes cause all those who see it to become transfixed with fear.",https://scrapeme.live/shop/Lunatone/,21
Seviper,£107.00,107.0,9903,300 in stock,300,Fang Snake | Pokemon,Fang Snake | seviper | Shed Skin,Fang Snake | Pokemon | seviper | Shed Skin,4,Seviper’s swordlike tail serves two purposes—it slashes foes and douses them with secreted poison. This Pokémon will not give up its long-running blood feud with Zangoose.,https://scrapeme.live/shop/Seviper/,21
Solrock,£57.00,57.0,5510,91 in stock,91,Meteorite | Pokemon,Levitate | Meteorite | solrock,Meteorite | Pokemon | Levitate | solrock,4,Sunlight is the source of Solrock’s power. It is said to possess the ability to read the emotions of others. This Pokémon gives off intense heat while rotating its body.,https://scrapeme.live/shop/Solrock/,21
Spinda,£149.00,149.0,7350,156 in stock,156,Pokemon | Spot Panda,spinda | Spot Panda | Tangled Feet,Pokemon | Spot Panda | spinda | Tangled Feet,4,No two Spinda are said to have identical spot patterns on their hides. This Pokémon moves in a curious manner as if it is stumbling in dizziness. Its lurching movements can cause the opponent to become confused.,https://scrapeme.live/shop/Spinda/,21
Swablu,£121.00,121.0,3915,169 in stock,169,Cotton Bird | Pokemon,Cotton Bird | Natural Cure | swablu,Cotton Bird | Pokemon | Natural Cure | swablu,4,"Swablu loves to make things clean. If it spots something dirty, it will wipe and polish it with its cottony wings. If its wings become dirty, this Pokémon finds a stream and showers itself.",https://scrapeme.live/shop/Swablu/,21
Trapinch,£116.00,116.0,4740,269 in stock,269,Ant Pit | Pokemon,Ant Pit | Arena Trap | trapinch,Ant Pit | Pokemon | Arena Trap | trapinch,4,Trapinch is a patient hunter. It digs an inescapable pit in a desert and waits for its prey to come tumbling down. This Pokémon can go a whole week without access to any water.,https://scrapeme.live/shop/Trapinch/,21
Vibrava,£200.00,200.0,9249,218 in stock,218,Pokemon | Vibration,Levitate | Vibration | vibrava,Pokemon | Vibration | Levitate | vibrava,4,"Vibrava’s wings have not yet completed the process of growing. Rather than flying long distances, they are more useful for generating ultrasonic waves by vibrating.",https://scrapeme.live/shop/Vibrava/,21
Whiscash,£179.00,179.0,6220,266 in stock,266,Pokemon | Whiskers,Oblivious | whiscash | Whiskers,Pokemon | Whiskers | Oblivious | whiscash,4,"If Whiscash goes on a wild rampage, it sets off a quake-like tremor with a radius of over three miles. This Pokémon has the ability to predict real earthquakes.",https://scrapeme.live/shop/Whiscash/,21
Absol,£134.00,134.0,3431,59 in stock,59,Disaster | Pokemon,absol | Disaster | Pressure,Disaster | Pokemon | absol | Pressure,4,"Absol has the ability to foretell the coming of natural disasters. It lives in a harsh, rugged mountain environment. This Pokémon very rarely ventures down from the mountains.",https://scrapeme.live/shop/Absol/,22
Anorith,£64.00,64.0,2511,222 in stock,222,Old Shrimp | Pokemon,anorith | Battle Armor | Old Shrimp,Old Shrimp | Pokemon | anorith | Battle Armor,4,"Anorith is said to be a type of Pokémon predecessor, with eight wings at the sides of its body. This Pokémon swam in the primordial sea by undulating these eight wings.",https://scrapeme.live/shop/Anorith/,22
Armaldo,£42.00,42.0,3328,78 in stock,78,Plate | Pokemon,armaldo | Battle Armor | Plate,Plate | Pokemon | armaldo | Battle Armor,4,"Armaldo is a Pokémon species that became extinct in prehistoric times. This Pokémon is said to have walked on its hind legs, which would have been more convenient for life on land.",https://scrapeme.live/shop/Armaldo/,22
Banette,£104.00,104.0,6213,233 in stock,233,Marionette | Pokemon,banette | Insomnia | Marionette,Marionette | Pokemon | banette | Insomnia,4,"A cursed energy permeated the stuffing of a discarded and forgotten plush doll, giving it new life as Banette. The Pokémon’s energy would escape if it were to ever open its mouth.",https://scrapeme.live/shop/Banette/,22
Castform,£119.00,119.0,9535,131 in stock,131,Pokemon | Weather,castform | Forecast | Weather,Pokemon | Weather | castform | Forecast,4,"Castform borrows the power of nature to transform itself into the guises of the sun, rain, and snow-clouds. This Pokémon’s feelings change with the weather.",https://scrapeme.live/shop/Castform/,22
Chimecho,£51.00,51.0,6688,43 in stock,43,Pokemon | Wind Chime,chimecho | Levitate | Wind Chime,Pokemon | Wind Chime | chimecho | Levitate,4,"In high winds, Chimecho cries as it hangs from a tree branch or the eaves of a building using a suction cup on its head. This Pokémon plucks berries with its long tail and eats them.",https://scrapeme.live/shop/Chimecho/,22
Cradily,£154.00,154.0,5809,183 in stock,183,Barnacle | Pokemon,Barnacle | cradily | Suction Cups,Barnacle | Pokemon | cradily | Suction Cups,4,"Cradily’s body serves as an anchor, preventing it from being washed away in rough seas. This Pokémon secretes a strong digestive fluid from its tentacles.",https://scrapeme.live/shop/Cradily/,22
Dusclops,£39.00,39.0,4994,82 in stock,82,Beckon | Pokemon,Beckon | dusclops | Pressure,Beckon | Pokemon | dusclops | Pressure,4,"Dusclops absorbs anything, however large the object may be. This Pokémon hypnotizes its foe by waving its hands in a macabre manner and by bringing its single eye to bear. The hypnotized foe is made to do Dusclops’s bidding.",https://scrapeme.live/shop/Dusclops/,22
Duskull,£139.00,139.0,6627,75 in stock,75,Pokemon | Requiem,duskull | Levitate | Requiem,Pokemon | Requiem | duskull | Levitate,4,Duskull wanders lost among the deep darkness of midnight. There is an oft-told admonishment given to misbehaving children that this Pokémon will spirit away bad children who earn scoldings from their mothers.,https://scrapeme.live/shop/Duskull/,22
Feebas,£194.00,194.0,6505,146 in stock,146,Fish | Pokemon,feebas | Fish | Oblivious,Fish | Pokemon | feebas | Oblivious,4,"While Feebas’s body is in tatters, it has a hardy and tenacious life force that enables it to live anywhere. However, this Pokémon is also slow and dimwitted, making it an easy catch.",https://scrapeme.live/shop/Feebas/,22
Kecleon,£100.00,100.0,2351,53 in stock,53,Color Swap | Pokemon,Color Change | Color Swap | kecleon,Color Swap | Pokemon | Color Change | kecleon,4,"Kecleon alters its body coloration to blend in with its surroundings, allowing it to sneak up on its prey unnoticed. Then it lashes out with its long, stretchy tongue to instantly ensnare the unsuspecting target.",https://scrapeme.live/shop/Kecleon/,22
Lileep,£87.00,87.0,2965,268 in stock,268,Pokemon | Sea Lily,lileep | Sea Lily | Suction Cups,Pokemon | Sea Lily | lileep | Suction Cups,4,"Lileep is an ancient Pokémon that was regenerated from a fossil. It remains permanently anchored to a rock. From its immobile perch, this Pokémon intently scans for prey with its two eyes.",https://scrapeme.live/shop/Lileep/,22
Milotic,£152.00,152.0,4867,79 in stock,79,Pokemon | Tender,Marvel Scale | milotic | Tender,Pokemon | Tender | Marvel Scale | milotic,4,"Milotic live at the bottom of large lakes. When this Pokémon’s body glows a vivid pink, it releases a pulsing wave of energy that brings soothing calm to troubled hearts.",https://scrapeme.live/shop/Milotic/,22
Shuppet,£174.00,174.0,7348,138 in stock,138,Pokemon | Puppet,Insomnia | Puppet | shuppet,Pokemon | Puppet | Insomnia | shuppet,4,"Shuppet grows by feeding on dark emotions, such as vengefulness and envy, in the hearts of people. It roams through cities in search of grudges that taint people.",https://scrapeme.live/shop/Shuppet/,22
Tropius,£196.00,196.0,7266,66 in stock,66,Fruit | Pokemon,Chlorophyll | fruit | tropius,Fruit | Pokemon | Chlorophyll | fruit | tropius,5,Children of the southern tropics eat as snacks the fruit that grows in bunches around the neck of Tropius. This Pokémon flies by flapping the leaves on its back as if they were wings.,https://scrapeme.live/shop/Tropius/,22
Wynaut,£168.00,168.0,9836,155 in stock,155,Bright | Pokemon,Bright | Shadow Tag | wynaut,Bright | Pokemon | Shadow Tag | wynaut,4,"Wynaut gather on moonlit nights to play by squeezing up against each other. By being squeezed, this Pokémon gains endurance and is trained to dole out powerful counterattacks.",https://scrapeme.live/shop/Wynaut/,22
Bagon,£34.00,34.0,3372,232 in stock,232,Pokemon | Rock Head,bagon | Rock Head,Pokemon | Rock Head | bagon,3,"Bagon harbors a never-ending dream of one day soaring high among the clouds. As if trying to dispel its frustration over its inability to fly, this Pokémon slams its hard head against huge rocks and shatters them into pebbles.",https://scrapeme.live/shop/Bagon/,23
Beldum,£122.00,122.0,3484,93 in stock,93,Iron Ball | Pokemon,beldum | Clear Body | Iron Ball,Iron Ball | Pokemon | beldum | Clear Body,4,"Beldum keeps itself floating by generating a magnetic force that repels earth’s natural magnetism. When it sleeps, this Pokémon anchors itself to a cliff using the hooks on its rear.",https://scrapeme.live/shop/Beldum/,23
Clamperl,£48.00,48.0,2967,139 in stock,139,Bivalve | Pokemon,Bivalve | clamperl | Shell Armor,Bivalve | Pokemon | clamperl | Shell Armor,4,"Clamperl grows while being protected by its rock-hard shell. When its body becomes too large to fit inside the shell, it is sure evidence that this Pokémon is getting close to evolution.",https://scrapeme.live/shop/Clamperl/,23
Glalie,£178.00,178.0,8582,14 in stock,14,Face | Pokemon,Face | glalie | Inner Focus,Face | Pokemon | glalie | Inner Focus,4,"Glalie has the ability to freely control ice. For example, it can instantly freeze its prey solid. After immobilizing its prey in ice, this Pokémon enjoys eating it in leisurely fashion.",https://scrapeme.live/shop/Glalie/,23
Gorebyss,£150.00,150.0,9428,165 in stock,165,Pokemon | South Sea,gorebyss | South Sea | Swift Swim,Pokemon | South Sea | gorebyss | Swift Swim,4,"Although Gorebyss is the very picture of elegance and beauty while swimming, it is also cruel. When it spots prey, this Pokémon inserts its thin mouth into the prey’s body and drains the prey of its body fluids.",https://scrapeme.live/shop/Gorebyss/,23
Huntail,£52.00,52.0,2805,54 in stock,54,Deep Sea | Pokemon,Deep Sea | huntail | Swift Swim,Deep Sea | Pokemon | huntail | Swift Swim,4,"Huntail’s tail is shaped like a fish. It uses the tail to attract prey, then swallows the prey whole with its large, gaping mouth. This Pokémon swims by wiggling its slender body like a snake.",https://scrapeme.live/shop/Huntail/,23
Luvdisc,£44.00,44.0,4868,190 in stock,190,Pokemon | Rendezvous,luvdisc | Rendezvous | Swift Swim,Pokemon | Rendezvous | luvdisc | Swift Swim,4,Luvdisc’s heart-shaped body is a symbol of love and romance. It is said that any couple meeting this Pokémon is promised a loving relationship that never ends.,https://scrapeme.live/shop/Luvdisc/,23
Metagross,£170.00,170.0,8825,177 in stock,177,Iron Leg | Pokemon,Clear Body | Iron Leg | metagross,Iron Leg | Pokemon | Clear Body | metagross,4,"Metagross is the result of two Metang achieving fusion. When hunting, this Pokémon pins the prey to the ground under its massive body. It then eats the helpless victim using the large mouth on its stomach.",https://scrapeme.live/shop/Metagross/,23
Metang,£78.00,78.0,6906,227 in stock,227,Iron Claw | Pokemon,Clear Body | Iron Claw | metang,Iron Claw | Pokemon | Clear Body | metang,4,"When two Beldum fuse together, Metang is formed. The brains of the Beldum are joined by a magnetic nervous system. This Pokémon turns its arms to the rear for traveling at high speed.",https://scrapeme.live/shop/Metang/,23
Relicanth,£157.00,157.0,7988,14 in stock,14,Longevity | Pokemon,Longevity | relicanth | Rock Head,Longevity | Pokemon | relicanth | Rock Head,4,Relicanth is a rare species that was discovered in deep-sea explorations. This Pokémon’s body withstands the enormous water pressure of the ocean depths. Its body is covered in tough scales that are like craggy rocks.,https://scrapeme.live/shop/Relicanth/,23
Salamence,£62.00,62.0,7686,242 in stock,242,Dragon | Pokemon,Dragon | Intimidate | salamence,Dragon | Pokemon | Intimidate | salamence,4,"By evolving into Salamence, this Pokémon finally realizes its long-held dream of growing wings. To express its joy, it flies and wheels all over the sky while spouting flames from its mouth.",https://scrapeme.live/shop/Salamence/,23
Sealeo,£160.00,160.0,4231,171 in stock,171,Ball Roll | Pokemon,Ball Roll | sealeo | Thick Fat,Ball Roll | Pokemon | sealeo | Thick Fat,4,"Sealeo often balances and rolls things on the tip of its nose. While the Pokémon is rolling something, it checks the object’s aroma and texture to determine whether it likes the object or not.",https://scrapeme.live/shop/Sealeo/,23
Shelgon,£56.00,56.0,1384,76 in stock,76,Endurance | Pokemon,Endurance | Rock Head | shelgon,Endurance | Pokemon | Rock Head | shelgon,4,"Covering Shelgon’s body are outgrowths much like bones. The shell is very hard and bounces off enemy attacks. When awaiting evolution, this Pokémon hides away in a cavern.",https://scrapeme.live/shop/Shelgon/,23
Snorunt,£82.00,82.0,1099,80 in stock,80,Pokemon | Snow Hat,Inner Focus | snorunt | Snow Hat,Pokemon | Snow Hat | Inner Focus | snorunt,4,Snorunt survives by eating only snow and ice. Old folklore claims that a house visited by this Pokémon is sure to prosper for many generations to come.,https://scrapeme.live/shop/Snorunt/,23
Spheal,£193.00,193.0,7748,170 in stock,170,Clap | Pokemon,Clap | spheal | Thick Fat,Clap | Pokemon | spheal | Thick Fat,4,"Spheal always travels by rolling around on its ball-like body. When the season for ice floes arrives, this Pokémon can be seen rolling about on ice and crossing the sea.",https://scrapeme.live/shop/Spheal/,23
Walrein,£27.00,27.0,1600,226 in stock,226,Ice Break | Pokemon,Ice Break | Thick Fat | walrein,Ice Break | Pokemon | Thick Fat | walrein,4,"Walrein swims all over in frigid seawater while crushing icebergs with its grand, imposing tusks. Its thick layer of blubber makes enemy attacks bounce off harmlessly.",https://scrapeme.live/shop/Walrein/,23
Chimchar,£143.00,143.0,5021,242 in stock,242,Chimp | Pokemon,Blaze | chimchar | Chimp,Chimp | Pokemon | Blaze | chimchar,4,The gas made in its belly burns from its rear end. The fire burns weakly when it feels sick.,https://scrapeme.live/shop/Chimchar/,24
Grotle,£154.00,154.0,7359,187 in stock,187,Grove | Pokemon,grotle | Grove | Overgrow,Grove | Pokemon | grotle | Overgrow,4,It knows where pure water wells up. It carries fellow Pokémon there on its back.,https://scrapeme.live/shop/Grotle/,24
Groudon,£124.00,124.0,6626,138 in stock,138,Continent | Pokemon,Continent | Drought | groudon,Continent | Pokemon | Drought | groudon,4,"Through Primal Reversion and with nature’s full power, it will take back its true form. It can cause magma to erupt and expand the landmass of the world.",https://scrapeme.live/shop/Groudon/,24
Infernape,£165.00,165.0,3225,82 in stock,82,Flame | Pokemon,Blaze | Flame | infernape,Flame | Pokemon | Blaze | infernape,4,It tosses its enemies around with agility. It uses all its limbs to fight in its own unique style.,https://scrapeme.live/shop/Infernape/,24
Jirachi,£111.00,111.0,7952,294 in stock,294,Pokemon | Wish,jirachi | Serene Grace | Wish,Pokemon | Wish | jirachi | Serene Grace,4,Jirachi will awaken from its sleep of a thousand years if you sing to it in a voice of purity. It is said to make true any wish that people desire.,https://scrapeme.live/shop/Jirachi/,24
Kyogre,£27.00,27.0,5206,136 in stock,136,Pokemon | Sea Basin,Drizzle | kyogre | Sea Basin,Pokemon | Sea Basin | Drizzle | kyogre,4,"Kyogre is said to be the personification of the sea itself. Legends tell of its many clashes against Groudon, as each sought to gain the power of nature.",https://scrapeme.live/shop/Kyogre/,24
Latias,£126.00,126.0,5077,245 in stock,245,Eon | Pokemon,Eon | latias | Levitate,Eon | Pokemon | latias | Levitate,4,Latias is highly intelligent and capable of understanding human speech. It is covered with a glass-like down. The Pokémon enfolds its body with its down and refracts light to alter its appearance.,https://scrapeme.live/shop/Latias/,24
Latios,£166.00,166.0,7850,197 in stock,197,Eon | Pokemon,Eon | latios | Levitate,Eon | Pokemon | latios | Levitate,4,Latios will only open its heart to a Trainer with a compassionate spirit. This Pokémon can fly faster than a jet plane by folding its forelegs to minimize air resistance.,https://scrapeme.live/shop/Latios/,24
Monferno,£68.00,68.0,8413,299 in stock,299,Playful | Pokemon,Blaze | monferno | Playful,Playful | Pokemon | Blaze | monferno,4,It uses ceilings and walls to launch aerial attacks. Its fiery tail is but one weapon.,https://scrapeme.live/shop/Monferno/,24
Prinplup,£177.00,177.0,5785,52 in stock,52,Penguin | Pokemon,Penguin | prinplup | Torrent,Penguin | Pokemon | prinplup | Torrent,4,It lives a solitary life. Its wings deliver wicked blows that can snap even the thickest of trees.,https://scrapeme.live/shop/Prinplup/,24
Rayquaza,£97.00,97.0,5410,31 in stock,31,Pokemon | Sky High,Air Lock | rayquaza | Sky High,Pokemon | Sky High | Air Lock | rayquaza,4,"It flies forever through the ozone layer, consuming meteoroids for sustenance. The many meteoroids in its body provide the energy it needs to Mega Evolve.",https://scrapeme.live/shop/Rayquaza/,24
Regice,£165.00,165.0,2261,107 in stock,107,Iceberg | Pokemon,Clear Body | Iceberg | regice,Iceberg | Pokemon | Clear Body | regice,4,"Regice cloaks itself with frigid air of -328 degrees Fahrenheit. Things will freeze solid just by going near this Pokémon. Its icy body is so cold, it will not melt even if it is immersed in magma.",https://scrapeme.live/shop/Regice/,24
Regirock,£66.00,66.0,5687,65 in stock,65,Pokemon | Rock Peak,Clear Body | regirock | Rock Peak,Pokemon | Rock Peak | Clear Body | regirock,4,"Regirock’s body is composed entirely of rocks. Recently, a study made the startling discovery that the rocks were all unearthed from different locations.",https://scrapeme.live/shop/Regirock/,24
Registeel,£196.00,196.0,6723,67 in stock,67,Iron | Pokemon,Clear Body | Iron | registeel,Iron | Pokemon | Clear Body | registeel,4,Registeel was imprisoned by people in ancient times. The metal composing its body is thought to be a curious substance that is not of this earth.,https://scrapeme.live/shop/Registeel/,24
Torterra,£87.00,87.0,8373,146 in stock,146,Continent | Pokemon,Continent | Overgrow | torterra,Continent | Pokemon | Overgrow | torterra,4,Small Pokémon occasionally gather on its unmoving back to begin building their nests.,https://scrapeme.live/shop/Torterra/,24
Turtwig,£101.00,101.0,8788,254 in stock,254,Pokemon | Tiny Leaf,Overgrow | Tiny Leaf | turtwig,Pokemon | Tiny Leaf | Overgrow | turtwig,4,"It undertakes photosynthesis with its body, making oxygen. The leaf on its head wilts if it is thirsty.",https://scrapeme.live/shop/Turtwig/,24
Bibarel,£114.00,114.0,6844,156 in stock,156,Beaver | Pokemon,Beaver | bibarel | Simple,Beaver | Pokemon | bibarel | Simple,4,It makes its nest by damming streams with bark and mud. It is known as an industrious worker.,https://scrapeme.live/shop/Bibarel/,25
Bidoof,£128.00,128.0,1171,264 in stock,264,Plump Mouse | Pokemon,bidoof | Plump Mouse | Simple,Plump Mouse | Pokemon | bidoof | Simple,4,It constantly gnaws on logs and rocks to whittle down its front teeth. It nests alongside water.,https://scrapeme.live/shop/Bidoof/,25
Budew,£171.00,171.0,3438,62 in stock,62,Bud | Pokemon,Bud | budew | Poison Point,Bud | Pokemon | budew | Poison Point,4,"Over the winter, it closes its bud and endures the cold. In spring, the bud opens and releases pollen.",https://scrapeme.live/shop/Budew/,25
Cranidos,£47.00,47.0,8627,98 in stock,98,Head Butt | Pokemon,cranidos | Head Butt | Mold Breaker,Head Butt | Pokemon | cranidos | Mold Breaker,4,"A lifelong jungle dweller from 100 million years ago, it would snap obstructing trees with headbutts.",https://scrapeme.live/shop/Cranidos/,25
Empoleon,£42.00,42.0,2449,232 in stock,232,Emperor | Pokemon,Emperor | empoleon | Torrent,Emperor | Pokemon | empoleon | Torrent,4,The three horns that extend from its beak attest to its power. The leader has the biggest horns.,https://scrapeme.live/shop/Empoleon/,25
Kricketot,£94.00,94.0,9812,137 in stock,137,Cricket | Pokemon,Cricket | kricketot | Shed Skin,Cricket | Pokemon | kricketot | Shed Skin,4,"When its antennae hit each other, it sounds like the music of a xylophone.",https://scrapeme.live/shop/Kricketot/,25
Kricketune,£53.00,53.0,8726,186 in stock,186,Cricket | Pokemon,Cricket | kricketune | Swarm,Cricket | Pokemon | kricketune | Swarm,4,It signals its emotions with its melodies. Scientists are studying these melodic patterns.,https://scrapeme.live/shop/Kricketune/,25
Luxio,£168.00,168.0,9734,222 in stock,222,Pokemon | Spark,Intimidate | luxio | Spark,Pokemon | Spark | Intimidate | luxio,4,Strong electricity courses through the tips of its sharp claws. A light scratch causes fainting in foes.,https://scrapeme.live/shop/Luxio/,25
Luxray,£43.00,43.0,4317,227 in stock,227,Gleam Eyes | Pokemon,Gleam Eyes | Intimidate | luxray,Gleam Eyes | Pokemon | Intimidate | luxray,4,Luxray’s ability to see through objects comes in handy when it’s scouting for danger.,https://scrapeme.live/shop/Luxray/,25
Rampardos,£196.00,196.0,3536,91 in stock,91,Head Butt | Pokemon,Head Butt | Mold Breaker | rampardos,Head Butt | Pokemon | Mold Breaker | rampardos,4,Its skull is as hard as iron. It is a brute that tears down jungle trees while catching prey.,https://scrapeme.live/shop/Rampardos/,25
Roserade,£155.00,155.0,7696,116 in stock,116,Bouquet | Pokemon,Bouquet | Poison Point | roserade,Bouquet | Pokemon | Poison Point | roserade,4,"With the movements of a dancer, it strikes with whips that are densely lined with poison thorns.",https://scrapeme.live/shop/Roserade/,25
Shieldon,£42.00,42.0,9942,284 in stock,284,Pokemon | Shield,Shield | shieldon | Sturdy,Pokemon | Shield | shieldon | Sturdy,4,It was generated from a fossil dug out of a layer of clay that was older than anyone knows. It has a sturdy face.,https://scrapeme.live/shop/Shieldon/,25
Shinx,£149.00,149.0,1507,295 in stock,295,Flash | Pokemon,Flash | Intimidate | shinx,Flash | Pokemon | Intimidate | shinx,4,All of its fur dazzles if danger is sensed. It flees while the foe is momentarily blinded.,https://scrapeme.live/shop/Shinx/,25
Staraptor,£42.00,42.0,9866,131 in stock,131,Pokemon | Predator,Intimidate | Predator | staraptor,Pokemon | Predator | Intimidate | staraptor,4,"When Staravia evolve into Staraptor, they leave the flock to live alone. They have sturdy wings.",https://scrapeme.live/shop/Staraptor/,25
Staravia,£158.00,158.0,1799,263 in stock,263,Pokemon | Starling,Intimidate | staravia | Starling,Pokemon | Starling | Intimidate | staravia,4,It lives in forests and fields. Squabbles over territory occur when flocks collide.,https://scrapeme.live/shop/Staravia/,25
Starly,£59.00,59.0,3055,110 in stock,110,Pokemon | Starling,Keen Eye | Starling | starly,Pokemon | Starling | Keen Eye | starly,4,"They flock around mountains and fields, chasing after bug Pokémon. Their singing is noisy and annoying.",https://scrapeme.live/shop/Starly/,25
Ambipom,£36.00,36.0,9199,247 in stock,247,Long Tail | Pokemon,ambipom | Long Tail | Pickup,Long Tail | Pokemon | ambipom | Pickup,4,"To eat, it deftly shucks nuts with its two tails. It rarely uses its arms now.",https://scrapeme.live/shop/Ambipom/,26
Bastiodon,£191.00,191.0,6537,14 in stock,14,Pokemon | Shield,bastiodon | Shield | Sturdy,Pokemon | Shield | bastiodon | Sturdy,4,Any frontal attack is repulsed. It is a docile Pokémon that feeds on grass and berries.,https://scrapeme.live/shop/Bastiodon/,26
Buizel,£55.00,55.0,9044,62 in stock,62,Pokemon | Sea Weasel,buizel | Sea Weasel | Swift Swim,Pokemon | Sea Weasel | buizel | Swift Swim,4,It inflates the flotation sac around its neck and pokes its head out of the water to see what is going on.,https://scrapeme.live/shop/Buizel/,26
Buneary,£180.00,180.0,6054,204 in stock,204,Pokemon | Rabbit,buneary | Rabbit | Run Away,Pokemon | Rabbit | buneary | Run Away,4,"When it senses danger, it perks up its ears. On cold nights, it sleeps with its head tucked into its fur.",https://scrapeme.live/shop/Buneary/,26
Burmy,£91.00,91.0,6129,266 in stock,266,Bagworm | Pokemon,Bagworm | burmy | Shed Skin,Bagworm | Pokemon | burmy | Shed Skin,4,"If its cloak is broken in battle, it quickly remakes the cloak with materials nearby.",https://scrapeme.live/shop/Burmy/,26
Cherrim,£161.00,161.0,2914,143 in stock,143,Blossom | Pokemon,Blossom | cherrim | Flower Gift,Blossom | Pokemon | cherrim | Flower Gift,4,"If it senses strong sunlight, it opens its folded petals to absorb the sun’s rays with its whole body.",https://scrapeme.live/shop/Cherrim/,26
Cherubi,£101.00,101.0,5681,127 in stock,127,Cherry | Pokemon,Cherry | cherubi | Chlorophyll,Cherry | Pokemon | cherubi | Chlorophyll,4,It evolves by sucking the energy out of the small ball where it had been storing nutrients.,https://scrapeme.live/shop/Cherubi/,26
Combee,£111.00,111.0,7856,254 in stock,254,Pokemon | Tiny Bee,combee | Honey Gather | Tiny Bee,Pokemon | Tiny Bee | combee | Honey Gather,4,"It collects and delivers honey to its colony. At night, they cluster to form a beehive and sleep.",https://scrapeme.live/shop/Combee/,26
Drifblim,£36.00,36.0,9301,233 in stock,233,Blimp | Pokemon,Aftermath | Blimp | drifblim,Blimp | Pokemon | Aftermath | drifblim,4,"It’s drowsy in daytime, but flies off in the evening in big groups. No one knows where they go.",https://scrapeme.live/shop/Drifblim/,26
Drifloon,£70.00,70.0,6748,84 in stock,84,Balloon | Pokemon,Aftermath | Balloon | drifloon,Balloon | Pokemon | Aftermath | drifloon,4,These Pokémon are called the “Signpost for Wandering Spirits.” Children holding them sometimes vanish.,https://scrapeme.live/shop/Drifloon/,26
Floatzel,£40.00,40.0,4591,116 in stock,116,Pokemon | Sea Weasel,floatzel | Sea Weasel | Swift Swim,Pokemon | Sea Weasel | floatzel | Swift Swim,4,Its flotation sac developed as a result of pursuing aquatic prey. It can double as a rubber raft.,https://scrapeme.live/shop/Floatzel/,26
Gastrodon,£148.00,148.0,8490,119 in stock,119,Pokemon | Sea Slug,gastrodon | Sea Slug | Sticky Hold,Pokemon | Sea Slug | gastrodon | Sticky Hold,4,It apparently had a huge shell for protection in ancient times. It lives in shallow tidal pools.,https://scrapeme.live/shop/Gastrodon/,26
Mothim,£177.00,177.0,2443,151 in stock,151,Moth | Pokemon,Moth | mothim | Swarm,Moth | Pokemon | mothim | Swarm,4,It flutters around at night and steals honey from the Combee hive.,https://scrapeme.live/shop/Mothim/,26
Pachirisu,£151.00,151.0,2264,86 in stock,86,EleSquirrel | Pokemon,EleSquirrel | pachirisu | Run Away,EleSquirrel | Pokemon | pachirisu | Run Away,4,A pair may be seen rubbing their cheek pouches together in an effort to share stored electricity.,https://scrapeme.live/shop/Pachirisu/,26
Shellos,£163.00,163.0,4538,149 in stock,149,Pokemon | Sea Slug,Sea Slug | shellos | Sticky Hold,Pokemon | Sea Slug | shellos | Sticky Hold,4,"Its shape and coloration vary, depending on its habitat.",https://scrapeme.live/shop/Shellos/,26
Vespiquen,£104.00,104.0,1078,123 in stock,123,Beehive | Pokemon,Beehive | Pressure | vespiquen,Beehive | Pokemon | Pressure | vespiquen,4,Its abdomen is a honeycomb for grubs. It raises its grubs on honey collected by Combee.,https://scrapeme.live/shop/Vespiquen/,26
Bonsly,£106.00,106.0,2897,273 in stock,273,Bonsai | Pokemon,Bonsai | bonsly | Rock Head,Bonsai | Pokemon | bonsly | Rock Head,4,It prefers an arid atmosphere. It leaks water that looks like tears when adjusting its moisture level.,https://scrapeme.live/shop/Bonsly/,27
Bronzong,£110.00,110.0,3873,191 in stock,191,Bronze Bell | Pokemon,Bronze Bell | bronzong | Levitate,Bronze Bell | Pokemon | bronzong | Levitate,4,Ancient people believed that petitioning Bronzong for rain was the way to make crops grow.,https://scrapeme.live/shop/Bronzong/,27
Chatot,£78.00,78.0,1336,261 in stock,261,Music Note | Pokemon,chatot | Keen Eye | Music Note,Music Note | Pokemon | chatot | Keen Eye,4,"It can learn and speak human words. If they gather, they all learn the same saying.",https://scrapeme.live/shop/Chatot/,27
Gabite,£154.00,154.0,4593,128 in stock,128,Cave | Pokemon,Cave | gabite | Sand Veil,Cave | Pokemon | gabite | Sand Veil,4,"As it digs to expand its nest, it habitually digs up gems that it then hoards in its nest.",https://scrapeme.live/shop/Gabite/,27
Garchomp,£62.00,62.0,8222,65 in stock,65,Mach | Pokemon,garchomp | Mach | Sand Veil,Mach | Pokemon | garchomp | Sand Veil,4,It flies at speeds equal to a jet fighter plane. It never allows its prey to escape.,https://scrapeme.live/shop/Garchomp/,27
Gible,£194.00,194.0,6182,178 in stock,178,Land Shark | Pokemon,gible | Land Shark | Sand Veil,Land Shark | Pokemon | gible | Sand Veil,4,"It nests in small, horizontal holes in cave walls. It pounces to catch prey that stray too close.",https://scrapeme.live/shop/Gible/,27
Glameow,£39.00,39.0,5014,96 in stock,96,Catty | Pokemon,Catty | glameow | Limber,Catty | Pokemon | glameow | Limber,4,"When it’s happy, Glameow demonstrates beautiful movements of its tail, like a dancing ribbon.",https://scrapeme.live/shop/Glameow/,27
Happiny,£67.00,67.0,4766,270 in stock,270,Playhouse | Pokemon,happiny | Natural Cure | Playhouse,Playhouse | Pokemon | happiny | Natural Cure,4,"It carefully carries a round, white rock that it thinks is an egg. It’s bothered by how curly its hair looks.",https://scrapeme.live/shop/Happiny/,27
Honchkrow,£47.00,47.0,7873,56 in stock,56,Big Boss | Pokemon,Big Boss | honchkrow | Insomnia,Big Boss | Pokemon | honchkrow | Insomnia,4,"Becoming active at night, it is known to swarm with numerous Murkrow in tow.",https://scrapeme.live/shop/Honchkrow/,27
Lopunny,£123.00,123.0,1079,85 in stock,85,Pokemon | Rabbit,Cute Charm | lopunny | Rabbit,Pokemon | Rabbit | Cute Charm | lopunny,4,"The ears appear to be delicate. If they are touched roughly, it kicks with its graceful legs.",https://scrapeme.live/shop/Lopunny/,27
Mime-jr,£170.00,170.0,3409,188 in stock,188,Mime | Pokemon,Mime | mime-jr | Soundproof,Mime | Pokemon | mime-jr | Soundproof,4,"It habitually mimics foes. Once mimicked, the foe cannot take its eyes off this Pokémon.",https://scrapeme.live/shop/Mime-jr/,27
Mismagius,£38.00,38.0,7198,215 in stock,215,Magical | Pokemon,Levitate | Magical | mismagius,Magical | Pokemon | Levitate | mismagius,4,Its cries sound like incantations to torment the foe. It appears where you least expect it.,https://scrapeme.live/shop/Mismagius/,27
Purugly,£128.00,128.0,6724,158 in stock,158,Pokemon | Tiger Cat,Own Tempo | purugly | Tiger Cat,Pokemon | Tiger Cat | Own Tempo | purugly,4,"To make itself appear intimidatingly beefy, it tightly cinches its waist with its twin tails.",https://scrapeme.live/shop/Purugly/,27
Skuntank,£112.00,112.0,6511,56 in stock,56,Pokemon | Skunk,Skunk | skuntank | Stench,Pokemon | Skunk | skuntank | Stench,4,It sprays a stinky fluid from its tail. The fluid smells worse the longer it is allowed to fester.,https://scrapeme.live/shop/Skuntank/,27
Spiritomb,£165.00,165.0,7680,51 in stock,51,Forbidden | Pokemon,Forbidden | Pressure | spiritomb,Forbidden | Pokemon | Pressure | spiritomb,4,It was bound to a fissure in an odd keystone as punishment for misdeeds 500 years ago.,https://scrapeme.live/shop/Spiritomb/,27
Stunky,£106.00,106.0,7336,12 in stock,12,Pokemon | Skunk,Skunk | Stench | stunky,Pokemon | Skunk | Stench | stunky,4,It protects itself by spraying a noxious fluid from its rear. The stench lingers for 24 hours.,https://scrapeme.live/shop/Stunky/,27
Abomasnow,£46.00,46.0,1468,61 in stock,61,Frost Tree | Pokemon,abomasnow | Frost Tree | Snow Warning,Frost Tree | Pokemon | abomasnow | Snow Warning,4,It lives a quiet life on mountains that are perpetually covered in snow. It hides itself by whipping up blizzards.,https://scrapeme.live/shop/Abomasnow/,28
Carnivine,£60.00,60.0,3611,245 in stock,245,Bug Catcher | Pokemon,Bug Catcher | carnivine | Levitate,Bug Catcher | Pokemon | carnivine | Levitate,4,It binds itself to trees in marshes. It attracts prey with its sweet-smelling drool and gulps them down.,https://scrapeme.live/shop/Carnivine/,28
Croagunk,£145.00,145.0,7116,207 in stock,207,Pokemon | Toxic Mouth,croagunk | Dry Skin | Toxic Mouth,Pokemon | Toxic Mouth | croagunk | Dry Skin,4,"Inflating its poison sacs, it fills the area with an odd sound and hits flinching opponents with a poison jab.",https://scrapeme.live/shop/Croagunk/,28
Drapion,£72.00,72.0,6958,273 in stock,273,Ogre Scorpion | Pokemon,drapion | Ogre Scorpion | Sniper,Ogre Scorpion | Pokemon | drapion | Sniper,4,It has the power in its clawed arms to make scrap of a car. The tips of its claws release poison.,https://scrapeme.live/shop/Drapion/,28
Finneon,£172.00,172.0,1938,66 in stock,66,Pokemon | Wing Fish,finneon | Swift Swim | Wing Fish,Pokemon | Wing Fish | finneon | Swift Swim,4,"After long exposure to sunlight, the patterns on its tail fins shine vividly when darkness arrives.",https://scrapeme.live/shop/Finneon/,28
Hippopotas,£189.00,189.0,2949,231 in stock,231,Hippo | Pokemon,Hippo | hippopotas | Sand Stream,Hippo | Pokemon | hippopotas | Sand Stream,4,It enshrouds itself with sand to protect itself from germs. It does not enjoy getting wet.,https://scrapeme.live/shop/Hippopotas/,28
Hippowdon,£140.00,140.0,4356,273 in stock,273,Heavyweight | Pokemon,Heavyweight | hippowdon | Sand Stream,Heavyweight | Pokemon | hippowdon | Sand Stream,4,It blasts internally stored sand from ports on its body to create a towering twister for attack.,https://scrapeme.live/shop/Hippowdon/,28
Lucario,£102.00,102.0,1059,24 in stock,24,Aura | Pokemon,Aura | Inner Focus | lucario,Aura | Pokemon | Inner Focus | lucario,4,"By reading the auras of all things, it can tell how others are feeling from over half a mile away.",https://scrapeme.live/shop/Lucario/,28
Lumineon,£72.00,72.0,6600,76 in stock,76,Neon | Pokemon,lumineon | Neon | Swift Swim,Neon | Pokemon | lumineon | Swift Swim,4,"To avoid detection by predators, it crawls along the seafloor using the two fins on its chest.",https://scrapeme.live/shop/Lumineon/,28
Magnezone,£190.00,190.0,1538,108 in stock,108,Magnet Area | Pokemon,Magnet Area | magnezone | Sturdy,Magnet Area | Pokemon | magnezone | Sturdy,4,It evolved from exposure to a special magnetic field. Three units generate magnetism.,https://scrapeme.live/shop/Magnezone/,28
Mantyke,£121.00,121.0,5241,117 in stock,117,Kite | Pokemon,Kite | mantyke | Water Absorb,Kite | Pokemon | mantyke | Water Absorb,4,"When it swims close to the surface of the ocean, people aboard ships are able to observe the pattern on its back.",https://scrapeme.live/shop/Mantyke/,28
Munchlax,£190.00,190.0,3240,239 in stock,239,Big Eater | Pokemon,Big Eater | munchlax | Pickup,Big Eater | Pokemon | munchlax | Pickup,4,It conceals food under the long fur on its body. It carts around this food stash and swallows it without chewing.,https://scrapeme.live/shop/Munchlax/,28
Riolu,£70.00,70.0,6986,86 in stock,86,Emanation | Pokemon,Emanation | Inner Focus | riolu,Emanation | Pokemon | Inner Focus | riolu,4,The aura that emanates from its body intensifies to alert others if it is afraid or sad.,https://scrapeme.live/shop/Riolu/,28
Skorupi,£51.00,51.0,8128,42 in stock,42,Pokemon | Scorpion,Scorpion | skorupi | Sniper,Pokemon | Scorpion | skorupi | Sniper,4,It burrows under the sand to lie in wait for prey. Its tail claws can inject its prey with a savage poison.,https://scrapeme.live/shop/Skorupi/,28
Snover,£104.00,104.0,3404,143 in stock,143,Frost Tree | Pokemon,Frost Tree | snover | Snow Warning,Frost Tree | Pokemon | snover | Snow Warning,4,"In the spring, it grows berries with the texture of frozen treats around its belly.",https://scrapeme.live/shop/Snover/,28
Toxicroak,£145.00,145.0,4991,108 in stock,108,Pokemon | Toxic Mouth,Dry Skin | Toxic Mouth | toxicroak,Pokemon | Toxic Mouth | Dry Skin | toxicroak,4,Its knuckle claws secrete a toxin so vile that even a scratch could prove fatal.,https://scrapeme.live/shop/Toxicroak/,28
Dusknoir,£158.00,158.0,1866,171 in stock,171,Gripper | Pokemon,dusknoir | Gripper | Pressure,Gripper | Pokemon | dusknoir | Pressure,4,The antenna on its head captures radio waves from the world of spirits that command it to take people there.,https://scrapeme.live/shop/Dusknoir/,29
Electivire,£61.00,61.0,5656,155 in stock,155,Pokemon | Thunderbolt,electivire | Motor Drive | Thunderbolt,Pokemon | Thunderbolt | electivire | Motor Drive,4,"It pushes the tips of its two tails against the foe, then lets loose with over 20,000 volts of power.",https://scrapeme.live/shop/Electivire/,29
Froslass,£86.00,86.0,1920,67 in stock,67,Pokemon | Snow Land,froslass | Snow Cloak | Snow Land,Pokemon | Snow Land | froslass | Snow Cloak,4,Legends in snowy regions say that a woman who was lost on an icy mountain was reborn as Froslass.,https://scrapeme.live/shop/Froslass/,29
Gallade,£149.00,149.0,8023,271 in stock,271,Blade | Pokemon,Blade | gallade | Steadfast,Blade | Pokemon | gallade | Steadfast,4,"A master of courtesy and swordsmanship, it fights using extending swords on its elbows.",https://scrapeme.live/shop/Gallade/,29
Glaceon,£142.00,142.0,1234,27 in stock,27,Fresh Snow | Pokemon,Fresh Snow | glaceon | Snow Cloak,Fresh Snow | Pokemon | glaceon | Snow Cloak,4,It lowers its body heat to freeze its fur. The hairs then become like needles it can fire.,https://scrapeme.live/shop/Glaceon/,29
Gliscor,£28.00,28.0,4537,60 in stock,60,Fang Scorpion | Pokemon,Fang Scorpion | gliscor | Sand Veil,Fang Scorpion | Pokemon | gliscor | Sand Veil,4,Its flight is soundless. It uses its lengthy tail to carry off its prey… Then its elongated fangs do the rest.,https://scrapeme.live/shop/Gliscor/,29
Leafeon,£93.00,93.0,2585,295 in stock,295,Pokemon | Verdant,Leaf Guard | leafeon | Verdant,Pokemon | Verdant | Leaf Guard | leafeon,4,"Just like a plant, it uses photosynthesis. As a result, it is always enveloped in clear air.",https://scrapeme.live/shop/Leafeon/,29
Lickilicky,£101.00,101.0,5442,125 in stock,125,Licking | Pokemon,lickilicky | Licking | Oblivious,Licking | Pokemon | lickilicky | Oblivious,4,Their saliva contains lots of components that can dissolve anything. The numbness caused by their lick does not dissipate.,https://scrapeme.live/shop/Lickilicky/,29
Magmortar,£200.00,200.0,4979,149 in stock,149,Blast | Pokemon,Blast | Flame Body | magmortar,Blast | Pokemon | Flame Body | magmortar,4,"It blasts fireballs of over 3,600 degrees Fahrenheit out of its arms. Its breath also sears and sizzles.",https://scrapeme.live/shop/Magmortar/,29
Mamoswine,£104.00,104.0,6994,284 in stock,284,Pokemon | Twin Tusk,mamoswine | Oblivious | Twin Tusk,Pokemon | Twin Tusk | mamoswine | Oblivious,4,Its impressive tusks are made of ice. The population thinned when it turned warm after the ice age.,https://scrapeme.live/shop/Mamoswine/,29
Probopass,£181.00,181.0,9871,141 in stock,141,Compass | Pokemon,Compass | probopass | Sturdy,Compass | Pokemon | probopass | Sturdy,4,It freely controls three small units called Mini-Noses using magnetic force.,https://scrapeme.live/shop/Probopass/,29
Rhyperior,£79.00,79.0,1070,161 in stock,161,Drill | Pokemon,Drill | Lightning Rod | rhyperior,Drill | Pokemon | Lightning Rod | rhyperior,4,It puts rocks in holes in its palms and uses its muscles to shoot them. Geodude are shot at rare times.,https://scrapeme.live/shop/Rhyperior/,29
Rotom,£42.00,42.0,3751,208 in stock,208,Plasma | Pokemon,Levitate | Plasma | rotom,Plasma | Pokemon | Levitate | rotom,4,Its body is composed of plasma. It is known to infiltrate electronic devices and wreak havoc.,https://scrapeme.live/shop/Rotom/,29
Tangrowth,£108.00,108.0,8824,136 in stock,136,Pokemon | Vine,Chlorophyll | tangrowth | Vine,Pokemon | Vine | Chlorophyll | tangrowth,4,"Its vines grow so profusely that, in the warm season, you can’t even see its eyes.",https://scrapeme.live/shop/Tangrowth/,29
Togekiss,£158.00,158.0,7955,208 in stock,208,Jubilee | Pokemon,Jubilee | Serene Grace | togekiss,Jubilee | Pokemon | Serene Grace | togekiss,4,It shares many blessings with people who respect one another’s rights and avoid needless strife.,https://scrapeme.live/shop/Togekiss/,29
Yanmega,£121.00,121.0,6798,35 in stock,35,Ogre Darner | Pokemon,Ogre Darner | Tinted Lens | yanmega,Ogre Darner | Pokemon | Tinted Lens | yanmega,4,This six-legged Pokémon is easily capable of transporting an adult in flight. The wings on its tail help it stay balanced.,https://scrapeme.live/shop/Yanmega/,29
Arceus,£53.00,53.0,1626,72 in stock,72,Alpha | Pokemon,Alpha | arceus | Multitype,Alpha | Pokemon | arceus | Multitype,4,It is told in mythology that this Pokémon was born before the universe even existed.,https://scrapeme.live/shop/Arceus/,30
Azelf,£32.00,32.0,2350,233 in stock,233,Pokemon | Willpower,azelf | Levitate | Willpower,Pokemon | Willpower | azelf | Levitate,4,"It is thought that Uxie, Mesprit, and Azelf all came from the same egg.",https://scrapeme.live/shop/Azelf/,30
Cresselia,£34.00,34.0,9194,16 in stock,16,Lunar | Pokemon,cresselia | Levitate | Lunar,Lunar | Pokemon | cresselia | Levitate,4,Those who sleep holding Cresselia’s feather are assured of joyful dreams. It is said to represent the crescent moon.,https://scrapeme.live/shop/Cresselia/,30
Darkrai,£59.00,59.0,9841,223 in stock,223,Pitch-Black | Pokemon,Bad Dreams | darkrai | Pitch-Black,Pitch-Black | Pokemon | Bad Dreams | darkrai,4,It can lull people to sleep and make them dream. It is active during nights of the new moon.,https://scrapeme.live/shop/Darkrai/,30
Dialga,£179.00,179.0,5942,104 in stock,104,Pokemon | Temporal,dialga | Pressure | Temporal,Pokemon | Temporal | dialga | Pressure,4,It has the power to control time. It appears in Sinnoh-region myths as an ancient deity.,https://scrapeme.live/shop/Dialga/,30
Heatran,£142.00,142.0,3485,120 in stock,120,Lava Dome | Pokemon,Flash Fire | heatran | Lava Dome,Lava Dome | Pokemon | Flash Fire | heatran,4,"Boiling blood, like magma, circulates through its body. It makes its dwelling place in volcanic caves.",https://scrapeme.live/shop/Heatran/,30
Manaphy,£74.00,74.0,6259,186 in stock,186,Pokemon | Seafaring,Hydration | manaphy | Seafaring,Pokemon | Seafaring | Hydration | manaphy,4,It starts its life with a wondrous power that permits it to bond with any kind of Pokémon.,https://scrapeme.live/shop/Manaphy/,30
Mesprit,£25.00,25.0,3231,152 in stock,152,Emotion | Pokemon,Emotion | Levitate | mesprit,Emotion | Pokemon | Levitate | mesprit,4,It sleeps at the bottom of a lake. Its spirit is said to leave its body to fly on the lake’s surface.,https://scrapeme.live/shop/Mesprit/,30
Palkia,£151.00,151.0,7745,54 in stock,54,Pokemon | Spatial,palkia | Pressure | Spatial,Pokemon | Spatial | palkia | Pressure,4,It has the ability to distort space. It is described as a deity in Sinnoh-region mythology.,https://scrapeme.live/shop/Palkia/,30
Phione,£155.00,155.0,9776,245 in stock,245,Pokemon | Sea Drifter,Hydration | phione | Sea Drifter,Pokemon | Sea Drifter | Hydration | phione,4,"It drifts in warm seas. It always returns to where it was born, no matter how far it may have drifted.",https://scrapeme.live/shop/Phione/,30
Regigigas,£77.00,77.0,7091,226 in stock,226,Colossal | Pokemon,Colossal | regigigas | Slow Start,Colossal | Pokemon | regigigas | Slow Start,4,There is an enduring legend that states this Pokémon towed continents with ropes.,https://scrapeme.live/shop/Regigigas/,30
Serperior,£88.00,88.0,8781,164 in stock,164,Pokemon | Regal,Overgrow | Regal | serperior,Pokemon | Regal | Overgrow | serperior,4,It can stop its opponents’ movements with just a glare. It takes in solar energy and boosts it internally.,https://scrapeme.live/shop/Serperior/,30
Servine,£154.00,154.0,3149,82 in stock,82,Grass Snake | Pokemon,Grass Snake | Overgrow | servine,Grass Snake | Pokemon | Overgrow | servine,4,"When it gets dirty, its leaves can’t be used in photosynthesis, so it always keeps itself clean.",https://scrapeme.live/shop/Servine/,30
Snivy,£102.00,102.0,6745,47 in stock,47,Grass Snake | Pokemon,Grass Snake | Overgrow | snivy,Grass Snake | Pokemon | Overgrow | snivy,4,"They photosynthesize by bathing their tails in sunlight. When they are not feeling well, their tails droop.",https://scrapeme.live/shop/Snivy/,30
Uxie,£200.00,200.0,9949,138 in stock,138,Knowledge | Pokemon,Knowledge | Levitate | uxie,Knowledge | Pokemon | Levitate | uxie,4,It is said that its emergence gave humans the intelligence to improve their quality of life.,https://scrapeme.live/shop/Uxie/,30
Victini,£109.00,109.0,1260,174 in stock,174,Pokemon | Victory,victini | Victory | Victory Star,Pokemon | Victory | victini | Victory Star,4,"When it shares the infinite energy it creates, that being’s entire body will be overflowing with power.",https://scrapeme.live/shop/Victini/,30
Dewott,£57.00,57.0,9988,141 in stock,141,Discipline | Pokemon,dewott | Discipline | Torrent,Discipline | Pokemon | dewott | Torrent,4,"As a result of strict training, each Dewott learns different forms for using the scalchops.",https://scrapeme.live/shop/Dewott/,31
Emboar,£32.00,32.0,1657,258 in stock,258,Mega Fire Pig | Pokemon,Blaze | emboar | Mega Fire Pig,Mega Fire Pig | Pokemon | Blaze | emboar,4,It has mastered fast and powerful fighting moves. It grows a beard of fire.,https://scrapeme.live/shop/Emboar/,31
Herdier,£164.00,164.0,9141,227 in stock,227,Loyal Dog | Pokemon,herdier | Intimidate | Loyal Dog,Loyal Dog | Pokemon | herdier | Intimidate,4,"It has black, cape-like fur that is very hard and decreases the amount of damage it receives.",https://scrapeme.live/shop/Herdier/,31
Liepard,£104.00,104.0,5653,32 in stock,32,Cruel | Pokemon,Cruel | liepard | Limber,Cruel | Pokemon | liepard | Limber,4,"Stealthily, it sneaks up on its target, striking from behind before its victim has a chance to react.",https://scrapeme.live/shop/Liepard/,31
Lillipup,£28.00,28.0,9237,29 in stock,29,Pokemon | Puppy,lillipup | Pickup | Puppy,Pokemon | Puppy | lillipup | Pickup,4,"Though it is a very brave Pokémon, it’s also smart enough to check its foe’s strength and avoid battle.",https://scrapeme.live/shop/Lillipup/,31
Oshawott,£194.00,194.0,5544,157 in stock,157,Pokemon | Sea Otter,oshawott | Sea Otter | Torrent,Pokemon | Sea Otter | oshawott | Torrent,4,"It fights using the scalchop on its stomach. In response to an attack, it retaliates immediately by slashing.",https://scrapeme.live/shop/Oshawott/,31
Pansage,£197.00,197.0,6206,195 in stock,195,Grass Monkey | Pokemon,Gluttony | Grass Monkey | pansage,Grass Monkey | Pokemon | Gluttony | pansage,4,It’s good at finding berries and gathers them from all over. It’s kind enough to share them with friends.,https://scrapeme.live/shop/Pansage/,31
Pansear,£194.00,194.0,1740,247 in stock,247,High Temp | Pokemon,Gluttony | High Temp | pansear,High Temp | Pokemon | Gluttony | pansear,4,This Pokémon lives in caves in volcanoes. The fire within the tuft on its head can reach 600 degrees Fahrenheit.,https://scrapeme.live/shop/Pansear/,31
Patrat,£116.00,116.0,2903,294 in stock,294,Pokemon | Scout,Keen Eye | patrat | Scout,Pokemon | Scout | Keen Eye | patrat,4,"Extremely cautious, one of them will always be on the lookout, but it won’t notice a foe coming from behind.",https://scrapeme.live/shop/Patrat/,31
Pignite,£149.00,149.0,5631,151 in stock,151,Fire Pig | Pokemon,Blaze | Fire Pig | pignite,Fire Pig | Pokemon | Blaze | pignite,4,"When its internal fire flares up, its movements grow sharper and faster. When in trouble, it emits smoke.",https://scrapeme.live/shop/Pignite/,31
Purrloin,£167.00,167.0,5704,270 in stock,270,Devious | Pokemon,Devious | Limber | purrloin,Devious | Pokemon | Limber | purrloin,4,"They steal from people for fun, but their victims can’t help but forgive them. Their deceptively cute act is perfect.",https://scrapeme.live/shop/Purrloin/,31
Samurott,£106.00,106.0,7758,279 in stock,279,Formidable | Pokemon,Formidable | samurott | Torrent,Formidable | Pokemon | samurott | Torrent,4,One swing of the sword incorporated in its armor can fell an opponent. A simple glare from one of them quiets everybody.,https://scrapeme.live/shop/Samurott/,31
Simisage,£98.00,98.0,5701,286 in stock,286,Pokemon | Thorn Monkey,Gluttony | simisage | Thorn Monkey,Pokemon | Thorn Monkey | Gluttony | simisage,4,"Ill tempered, it fights by swinging its barbed tail around wildly. The leaf growing on its head is very bitter.",https://scrapeme.live/shop/Simisage/,31
Stoutland,£37.00,37.0,6800,80 in stock,80,Big-Hearted | Pokemon,Big-Hearted | Intimidate | stoutland,Big-Hearted | Pokemon | Intimidate | stoutland,4,Being wrapped in its long fur is so comfortable that a person would be fine even overnight on a wintry mountain.,https://scrapeme.live/shop/Stoutland/,31
Tepig,£195.00,195.0,3764,66 in stock,66,Fire Pig | Pokemon,Blaze | Fire Pig | tepig,Fire Pig | Pokemon | Blaze | tepig,4,"It loves to eat roasted berries, but sometimes it gets too excited and burns them to a crisp.",https://scrapeme.live/shop/Tepig/,31
Watchog,£141.00,141.0,1555,294 in stock,294,Lookout | Pokemon,Keen Eye | Lookout | watchog,Lookout | Pokemon | Keen Eye | watchog,4,"When they see an enemy, their tails stand high, and they spit the seeds of berries stored in their cheek pouches.",https://scrapeme.live/shop/Watchog/,31
Boldore,£76.00,76.0,1970,278 in stock,278,Ore | Pokemon,boldore | Ore | Sturdy,Ore | Pokemon | boldore | Sturdy,4,"When it is healthy, its core sticks out. Always facing the same way, it swiftly moves front to back and left to right.",https://scrapeme.live/shop/Boldore/,32
Drilbur,£132.00,132.0,4925,171 in stock,171,Mole | Pokemon,drilbur | Mole | Sand Rush,Mole | Pokemon | drilbur | Sand Rush,4,"By spinning its body, it can dig straight through the ground at a speed of 30 mph.",https://scrapeme.live/shop/Drilbur/,32
Excadrill,£36.00,36.0,7949,49 in stock,49,Pokemon | Subterrene,excadrill | Sand Rush | Subterrene,Pokemon | Subterrene | excadrill | Sand Rush,4,"More than 300 feet below the surface, they build mazelike nests. Their activity can be destructive to subway tunnels.",https://scrapeme.live/shop/Excadrill/,32
Gigalith,£67.00,67.0,7277,18 in stock,18,Compressed | Pokemon,Compressed | gigalith | Sturdy,Compressed | Pokemon | gigalith | Sturdy,4,Compressing the energy from its internal core lets it fire off an attack capable of blowing away a mountain.,https://scrapeme.live/shop/Gigalith/,32
Munna,£172.00,172.0,1674,278 in stock,278,Dream Eater | Pokemon,Dream Eater | munna | Synchronize,Dream Eater | Pokemon | munna | Synchronize,4,"It eats the dreams of people and Pokémon. When it eats a pleasant dream, it expels pink-colored mist.",https://scrapeme.live/shop/Munna/,32
Musharna,£58.00,58.0,1769,98 in stock,98,Drowsing | Pokemon,Drowsing | musharna | Synchronize,Drowsing | Pokemon | musharna | Synchronize,4,The dream mist coming from its forehead changes into many different colors depending on the dream that was eaten.,https://scrapeme.live/shop/Musharna/,32
Panpour,£52.00,52.0,4106,271 in stock,271,Pokemon | Spray,Gluttony | panpour | Spray,Pokemon | Spray | Gluttony | panpour,4,The water stored inside the tuft on its head is full of nutrients. Plants that receive its water grow large.,https://scrapeme.live/shop/Panpour/,32
Pidove,£172.00,172.0,5830,290 in stock,290,Pokemon | Tiny Pigeon,pidove | Super Luck | Tiny Pigeon,Pokemon | Tiny Pigeon | pidove | Super Luck,4,These Pokémon live in cities. They are accustomed to people. Flocks often gather in parks and plazas.,https://scrapeme.live/shop/Pidove/,32
Roggenrola,£41.00,41.0,7561,96 in stock,96,Mantle | Pokemon,Mantle | roggenrola | Sturdy,Mantle | Pokemon | roggenrola | Sturdy,4,They were discovered a hundred years ago in an earthquake fissure. Inside each one is an energy core.,https://scrapeme.live/shop/Roggenrola/,32
Simipour,£61.00,61.0,9367,101 in stock,101,Geyser | Pokemon,Geyser | Gluttony | simipour,Geyser | Pokemon | Gluttony | simipour,4,"It prefers places with clean water. When its tuft runs low, it replenishes it by siphoning up water with its tail.",https://scrapeme.live/shop/Simipour/,32
Simisear,£38.00,38.0,5199,140 in stock,140,Ember | Pokemon,Ember | Gluttony | simisear,Ember | Pokemon | Gluttony | simisear,4,"When it gets excited, embers rise from its head and tail and it gets hot. For some reason, it loves sweets.",https://scrapeme.live/shop/Simisear/,32
Swoobat,£49.00,49.0,6207,109 in stock,109,Courting | Pokemon,Courting | swoobat | Unaware,Courting | Pokemon | swoobat | Unaware,4,Anyone who comes into contact with the ultrasonic waves emitted by a courting male experiences a positive mood shift.,https://scrapeme.live/shop/Swoobat/,32
Tranquill,£199.00,199.0,2552,295 in stock,295,Pokemon | Wild Pigeon,Super Luck | tranquill | Wild Pigeon,Pokemon | Wild Pigeon | Super Luck | tranquill,4,"No matter where in the world it goes, it knows where its nest is, so it never gets separated from its Trainer.",https://scrapeme.live/shop/Tranquill/,32
Unfezant,£135.00,135.0,1545,51 in stock,51,Pokemon | Proud,Proud | Super Luck | unfezant,Pokemon | Proud | Super Luck | unfezant,4,Males have plumage on their heads. They will never let themselves feel close to anyone other than their Trainers.,https://scrapeme.live/shop/Unfezant/,32
Woobat,£27.00,27.0,5333,289 in stock,289,Bat | Pokemon,Bat | Unaware | woobat,Bat | Pokemon | Unaware | woobat,4,The heart-shaped mark left on a body after a Woobat has been attached to it is said to bring good fortune.,https://scrapeme.live/shop/Woobat/,32
Zebstrika,£138.00,138.0,7777,137 in stock,137,Pokemon | Thunderbolt,Lightning Rod | Thunderbolt | zebstrika,Pokemon | Thunderbolt | Lightning Rod | zebstrika,4,"They have lightning-like movements. When Zebstrika run at full speed, the sound of thunder reverberates.",https://scrapeme.live/shop/Zebstrika/,32
Audino,£95.00,95.0,5659,109 in stock,109,Hearing | Pokemon,audino | Healer | Hearing,Hearing | Pokemon | audino | Healer,4,"It touches others with the feelers on its ears, using the sound of their heartbeats to tell how they are feeling.",https://scrapeme.live/shop/Audino/,33
Conkeldurr,£72.00,72.0,3386,251 in stock,251,Muscular | Pokemon,conkeldurr | Guts | Muscular,Muscular | Pokemon | conkeldurr | Guts,4,"Rather than rely on force, they master moves that utilize the centrifugal force of spinning concrete.",https://scrapeme.live/shop/Conkeldurr/,33
Cottonee,£77.00,77.0,3946,139 in stock,139,Cotton Puff | Pokemon,Cotton Puff | cottonee | Prankster,Cotton Puff | Pokemon | cottonee | Prankster,4,"Perhaps because they feel more at ease in a group, they stick to others they find. They end up looking like a cloud.",https://scrapeme.live/shop/Cottonee/,33
Gurdurr,£179.00,179.0,8012,105 in stock,105,Muscular | Pokemon,gurdurr | Guts | Muscular,Muscular | Pokemon | gurdurr | Guts,4,This Pokémon is so muscular and strongly built that even a group of wrestlers could not make it budge an inch.,https://scrapeme.live/shop/Gurdurr/,33
Leavanny,£130.00,130.0,5048,203 in stock,203,Nurturing | Pokemon,leavanny | Nurturing | Swarm,Nurturing | Pokemon | leavanny | Swarm,4,It keeps its eggs warm with heat from fermenting leaves. It also uses leaves to make warm wrappings for Sewaddle.,https://scrapeme.live/shop/Leavanny/,33
Palpitoad,£117.00,117.0,8017,36 in stock,36,Pokemon | Vibration,Hydration | palpitoad | Vibration,Pokemon | Vibration | Hydration | palpitoad,4,"It lives in the water and on land. It uses its long, sticky tongue to immobilize its opponents.",https://scrapeme.live/shop/Palpitoad/,33
Sawk,£129.00,129.0,6499,95 in stock,95,Karate | Pokemon,Inner Focus | Karate | sawk,Karate | Pokemon | Inner Focus | sawk,4,Tying their belts gets them pumped and makes their punches more destructive. Disturbing their training angers them.,https://scrapeme.live/shop/Sawk/,33
Scolipede,£153.00,153.0,7491,28 in stock,28,Megapede | Pokemon,Megapede | scolipede | Swarm,Megapede | Pokemon | scolipede | Swarm,4,"With quick movements, it chases down its foes, attacking relentlessly with its horns until it prevails.",https://scrapeme.live/shop/Scolipede/,33
Seismitoad,£90.00,90.0,4146,252 in stock,252,Pokemon | Vibration,seismitoad | Swift Swim | Vibration,Pokemon | Vibration | seismitoad | Swift Swim,4,They shoot paralyzing liquid from their head bumps. They use vibration to hurt their opponents.,https://scrapeme.live/shop/Seismitoad/,33
Sewaddle,£40.00,40.0,4022,137 in stock,137,Pokemon | Sewing,sewaddle | Sewing | Swarm,Pokemon | Sewing | sewaddle | Swarm,4,"Since this Pokémon makes its own clothes out of leaves, it is a popular mascot for fashion designers.",https://scrapeme.live/shop/Sewaddle/,33
Swadloon,£107.00,107.0,9505,176 in stock,176,Leaf-Wrapped | Pokemon,Chlorophyll | Leaf-Wrapped | swadloon,Leaf-Wrapped | Pokemon | Chlorophyll | swadloon,4,"It protects itself from the cold by wrapping up in leaves. It stays on the move, eating leaves in forests.",https://scrapeme.live/shop/Swadloon/,33
Throh,£43.00,43.0,3948,195 in stock,195,Judo | Pokemon,Guts | Judo | throh,Judo | Pokemon | Guts | throh,4,"When it encounters a foe bigger than itself, it wants to throw it. It changes belts as it gets stronger.",https://scrapeme.live/shop/Throh/,33
Timburr,£194.00,194.0,2178,150 in stock,150,Muscular | Pokemon,Guts | Muscular | timburr,Muscular | Pokemon | Guts | timburr,4,"Always carrying squared logs, they help out with construction. As they grow, they carry bigger logs.",https://scrapeme.live/shop/Timburr/,33
Venipede,£87.00,87.0,4582,243 in stock,243,Centipede | Pokemon,Centipede | Swarm | venipede,Centipede | Pokemon | Swarm | venipede,4,"Its bite injects a potent poison, enough to paralyze large bird Pokémon that try to prey on it.",https://scrapeme.live/shop/Venipede/,33
Whimsicott,£26.00,26.0,6481,30 in stock,30,Pokemon | Windveiled,Prankster | whimsicott | Windveiled,Pokemon | Windveiled | Prankster | whimsicott,4,"Like the wind, it can slip through any gap, no matter how small. It leaves balls of white fluff behind.",https://scrapeme.live/shop/Whimsicott/,33
Whirlipede,£84.00,84.0,6342,170 in stock,170,Curlipede | Pokemon,Curlipede | Swarm | whirlipede,Curlipede | Pokemon | Swarm | whirlipede,4,"It is usually motionless, but when attacked, it rotates at high speed and then crashes into its opponent.",https://scrapeme.live/shop/Whirlipede/,33
Carracosta,£158.00,158.0,9806,11 in stock,11,Pokemon | Prototurtle,carracosta | Prototurtle | Sturdy,Pokemon | Prototurtle | carracosta | Sturdy,4,"It could knock out a foe with a slap from one of its developed front appendages and chew it up, shell or bones and all.",https://scrapeme.live/shop/Carracosta/,34
Cofagrigus,£160.00,160.0,3040,195 in stock,195,Coffin | Pokemon,cofagrigus | Coffin | Mummy,Coffin | Pokemon | cofagrigus | Mummy,4,Grave robbers who mistake them for real coffins and get too close end up trapped inside their bodies.,https://scrapeme.live/shop/Cofagrigus/,34
Crustle,£105.00,105.0,5980,293 in stock,293,Pokemon | Stone Home,crustle | Stone Home | Sturdy,Pokemon | Stone Home | crustle | Sturdy,4,"Competing for territory, Crustle fight viciously. The one whose boulder is broken is the loser of the battle.",https://scrapeme.live/shop/Crustle/,34
Darumaka,£106.00,106.0,2580,96 in stock,96,Pokemon | Zen Charm,darumaka | Hustle | Zen Charm,Pokemon | Zen Charm | darumaka | Hustle,4,"When it sleeps, it pulls its limbs into its body and its internal fire goes down to 1,100 degrees Fahrenheit.",https://scrapeme.live/shop/Darumaka/,34
Dwebble,£75.00,75.0,2996,47 in stock,47,Pokemon | Rock Inn,dwebble | Rock Inn | Sturdy,Pokemon | Rock Inn | dwebble | Sturdy,4,"When it finds a stone of a suitable size, it secretes a liquid from its mouth to open up a hole to crawl into.",https://scrapeme.live/shop/Dwebble/,34
Krokorok,£135.00,135.0,3317,168 in stock,168,Desert Croc | Pokemon,Desert Croc | Intimidate | krokorok,Desert Croc | Pokemon | Intimidate | krokorok,4,"The special membrane covering its eyes can sense the heat of objects, so it can see its surroundings even in darkness.",https://scrapeme.live/shop/Krokorok/,34
Krookodile,£185.00,185.0,2595,188 in stock,188,Intimidation | Pokemon,Intimidate | Intimidation | krookodile,Intimidation | Pokemon | Intimidate | krookodile,4,"They never allow prey to escape. Their jaws are so powerful, they can crush the body of an automobile.",https://scrapeme.live/shop/Krookodile/,34
Lilligant,£137.00,137.0,4452,209 in stock,209,Flowering | Pokemon,Chlorophyll | Flowering | lilligant,Flowering | Pokemon | Chlorophyll | lilligant,4,Even veteran Trainers face a challenge in getting its beautiful flower to bloom. This Pokémon is popular with celebrities.,https://scrapeme.live/shop/Lilligant/,34
Maractus,£31.00,31.0,8956,120 in stock,120,Cactus | Pokemon,Cactus | Chlorophyll | maractus,Cactus | Pokemon | Chlorophyll | maractus,4,"Arid regions are their habitat. They move rhythmically, making a sound similar to maracas.",https://scrapeme.live/shop/Maractus/,34
Petilil,£118.00,118.0,3773,109 in stock,109,Bulb | Pokemon,Bulb | Chlorophyll | petilil,Bulb | Pokemon | Chlorophyll | petilil,4,"Since they prefer moist, nutrient-rich soil, the areas where Petilil live are known to be good for growing plants.",https://scrapeme.live/shop/Petilil/,34
Sandile,£136.00,136.0,8011,235 in stock,235,Desert Croc | Pokemon,Desert Croc | Intimidate | sandile,Desert Croc | Pokemon | Intimidate | sandile,4,They live buried in the sands of the desert. The sun-warmed sands prevent their body temperature from dropping.,https://scrapeme.live/shop/Sandile/,34
Scrafty,£137.00,137.0,2230,152 in stock,152,Hoodlum | Pokemon,Hoodlum | scrafty | Shed Skin,Hoodlum | Pokemon | scrafty | Shed Skin,4,It can smash concrete blocks with its kicking attacks. The one with the biggest crest is the group leader.,https://scrapeme.live/shop/Scrafty/,34
Scraggy,£112.00,112.0,6618,95 in stock,95,Pokemon | Shedding,scraggy | Shed Skin | Shedding,Pokemon | Shedding | scraggy | Shed Skin,4,"Proud of its sturdy skull, it suddenly headbutts everything, but its weight makes it unstable, too.",https://scrapeme.live/shop/Scraggy/,34
Sigilyph,£68.00,68.0,3922,181 in stock,181,Avianoid | Pokemon,Avianoid | Magic Guard | sigilyph,Avianoid | Pokemon | Magic Guard | sigilyph,4,"The guardians of an ancient city, they always fly the same route while keeping watch for invaders.",https://scrapeme.live/shop/Sigilyph/,34
Tirtouga,£60.00,60.0,2653,98 in stock,98,Pokemon | Prototurtle,Prototurtle | Sturdy | tirtouga,Pokemon | Prototurtle | Sturdy | tirtouga,4,"Restored from a fossil, this Pokémon can dive to depths beyond half a mile.",https://scrapeme.live/shop/Tirtouga/,34
Yamask,£171.00,171.0,4675,168 in stock,168,Pokemon | Spirit,Mummy | Spirit | yamask,Pokemon | Spirit | Mummy | yamask,4,Each of them carries a mask that used to be its face when it was human. Sometimes they look at it and cry.,https://scrapeme.live/shop/Yamask/,34
Archen,£140.00,140.0,4705,267 in stock,267,First Bird | Pokemon,archen | Defeatist | First Bird,First Bird | Pokemon | archen | Defeatist,4,"Said to be an ancestor of bird Pokémon, they were unable to fly and moved about by hopping from one branch to another.",https://scrapeme.live/shop/Archen/,35
Archeops,£126.00,126.0,1822,181 in stock,181,First Bird | Pokemon,archeops | Defeatist | First Bird,First Bird | Pokemon | archeops | Defeatist,4,It runs better than it flies. It takes off into the sky by running at a speed of 25 mph.,https://scrapeme.live/shop/Archeops/,35
Cinccino,£154.00,154.0,3396,159 in stock,159,Pokemon | Scarf,cinccino | Cute Charm | Scarf,Pokemon | Scarf | cinccino | Cute Charm,4,"Cinccino’s body is coated in a special oil that helps it deflect attacks, such as punches.",https://scrapeme.live/shop/Cinccino/,35
Ducklett,£159.00,159.0,4228,275 in stock,275,Pokemon | Water Bird,ducklett | Keen Eye | Water Bird,Pokemon | Water Bird | ducklett | Keen Eye,4,"They are better at swimming than flying, and they happily eat their favorite food, peat moss, as they dive underwater.",https://scrapeme.live/shop/Ducklett/,35
Duosion,£71.00,71.0,2453,183 in stock,183,Mitosis | Pokemon,duosion | Magic Guard | Mitosis,Mitosis | Pokemon | duosion | Magic Guard,4,"When their two divided brains think the same thoughts, their psychic power is maximized.",https://scrapeme.live/shop/Duosion/,35
Garbodor,£178.00,178.0,6031,73 in stock,73,Pokemon | Trash Heap,garbodor | Stench | Trash Heap,Pokemon | Trash Heap | garbodor | Stench,4,Consuming garbage makes new kinds of poison gases and liquids inside their bodies.,https://scrapeme.live/shop/Garbodor/,35
Gothita,£68.00,68.0,7024,185 in stock,185,Fixation | Pokemon,Fixation | Frisk | gothita,Fixation | Pokemon | Frisk | gothita,4,"They intently observe both Trainers and Pokémon. Apparently, they are looking at something that only Gothita can see.",https://scrapeme.live/shop/Gothita/,35
Gothitelle,£164.00,164.0,1473,52 in stock,52,Astral Body | Pokemon,Astral Body | Frisk | gothitelle,Astral Body | Pokemon | Frisk | gothitelle,4,They can predict the future from the placement and movement of the stars. They can see Trainers’ life spans.,https://scrapeme.live/shop/Gothitelle/,35
Gothorita,£189.00,189.0,5260,148 in stock,148,Manipulate | Pokemon,Frisk | gothorita | Manipulate,Manipulate | Pokemon | Frisk | gothorita,4,"According to many old tales, it creates friends for itself by controlling sleeping children on starry nights.",https://scrapeme.live/shop/Gothorita/,35
Minccino,£79.00,79.0,9722,213 in stock,213,Chinchilla | Pokemon,Chinchilla | Cute Charm | minccino,Chinchilla | Pokemon | Cute Charm | minccino,4,"These Pokémon prefer a tidy habitat. They are always sweeping and dusting, using their tails as brooms.",https://scrapeme.live/shop/Minccino/,35
Reuniclus,£168.00,168.0,1792,193 in stock,193,Multiplying | Pokemon,Magic Guard | Multiplying | reuniclus,Multiplying | Pokemon | Magic Guard | reuniclus,4,"When Reuniclus shake hands, a network forms between their brains, increasing their psychic power.",https://scrapeme.live/shop/Reuniclus/,35
Solosis,£134.00,134.0,7460,226 in stock,226,Cell | Pokemon,Cell | Magic Guard | solosis,Cell | Pokemon | Magic Guard | solosis,4,They drive away attackers by unleashing psychic power. They can use telepathy to talk with others.,https://scrapeme.live/shop/Solosis/,35
Swanna,£36.00,36.0,5069,238 in stock,238,Pokemon | White Bird,Keen Eye | swanna | White Bird,Pokemon | White Bird | Keen Eye | swanna,4,Swanna start to dance at dusk. The one dancing in the middle is the leader of the flock.,https://scrapeme.live/shop/Swanna/,35
Trubbish,£169.00,169.0,3015,229 in stock,229,Pokemon | Trash Bag,Stench | Trash Bag | trubbish,Pokemon | Trash Bag | Stench | trubbish,4,Inhaling the gas they belch will make you sleep for a week. They prefer unsanitary places.,https://scrapeme.live/shop/Trubbish/,35
Vanillite,£108.00,108.0,1774,284 in stock,284,Fresh Snow | Pokemon,Fresh Snow | Ice Body | vanillite,Fresh Snow | Pokemon | Ice Body | vanillite,4,This Pokémon formed from icicles bathed in energy from the morning sun. It sleeps buried in snow.,https://scrapeme.live/shop/Vanillite/,35
Zorua,£81.00,81.0,6103,245 in stock,245,Pokemon | Tricky Fox,Illusion | Tricky Fox | zorua,Pokemon | Tricky Fox | Illusion | zorua,4,"To protect themselves from danger, they hide their true identities by transforming into people and Pokémon.",https://scrapeme.live/shop/Zorua/,35
Alomomola,£35.00,35.0,8864,296 in stock,296,Caring | Pokemon,alomomola | Caring | Hydration,Caring | Pokemon | alomomola | Hydration,4,It gently holds injured and weak Pokémon in its fins. Its special membrane heals their wounds.,https://scrapeme.live/shop/Alomomola/,36
Deerling,£141.00,141.0,5837,159 in stock,159,Pokemon | Season,Chlorophyll | deerling | Season,Pokemon | Season | Chlorophyll | deerling,4,The turning of the seasons changes the color and scent of this Pokémon’s fur. People use it to mark the seasons.,https://scrapeme.live/shop/Deerling/,36
Escavalier,£189.00,189.0,1906,281 in stock,281,Cavalry | Pokemon,Cavalry | escavalier | Swarm,Cavalry | Pokemon | escavalier | Swarm,4,These Pokémon evolve by wearing the shell covering of a Shelmet. The steel armor protects their whole body.,https://scrapeme.live/shop/Escavalier/,36
Ferroseed,£81.00,81.0,5368,149 in stock,149,Pokemon | Thorn Seed,ferroseed | Iron Barbs | Thorn Seed,Pokemon | Thorn Seed | ferroseed | Iron Barbs,4,It absorbs the iron it finds in the rock while clinging to the ceiling. It shoots spikes when in danger.,https://scrapeme.live/shop/Ferroseed/,36
Ferrothorn,£182.00,182.0,5533,74 in stock,74,Pokemon | Thorn Pod,ferrothorn | Iron Barbs | Thorn Pod,Pokemon | Thorn Pod | ferrothorn | Iron Barbs,4,"They attach themselves to cave ceilings, firing steel spikes at targets passing beneath them.",https://scrapeme.live/shop/Ferrothorn/,36
Foongus,£129.00,129.0,7154,225 in stock,225,Mushroom | Pokemon,Effect Spore | foongus | Mushroom,Mushroom | Pokemon | Effect Spore | foongus,4,"It lures Pokémon with its pattern that looks just like a Poké Ball, then releases poison spores.",https://scrapeme.live/shop/Foongus/,36
Frillish,£63.00,63.0,5310,32 in stock,32,Floating | Pokemon,Floating | frillish | Water Absorb,Floating | Pokemon | frillish | Water Absorb,4,"If its veil-like arms stun and wrap a foe, that foe will be dragged miles below the surface, never to return.",https://scrapeme.live/shop/Frillish/,36
Galvantula,£57.00,57.0,4595,61 in stock,61,EleSpider | Pokemon,Compound Eyes | EleSpider | galvantula,EleSpider | Pokemon | Compound Eyes | galvantula,4,"When attacked, they create an electric barrier by spitting out many electrically charged threads.",https://scrapeme.live/shop/Galvantula/,36
Jellicent,£114.00,114.0,2412,216 in stock,216,Floating | Pokemon,Floating | jellicent | Water Absorb,Floating | Pokemon | jellicent | Water Absorb,4,"The fate of the ships and crew that wander into Jellicent’s habitat: all sunken, all lost, all vanished.",https://scrapeme.live/shop/Jellicent/,36
Joltik,£59.00,59.0,4385,137 in stock,137,Attaching | Pokemon,Attaching | Compound Eyes | joltik,Attaching | Pokemon | Compound Eyes | joltik,4,"They attach themselves to large-bodied Pokémon and absorb static electricity, which they store in an electric pouch.",https://scrapeme.live/shop/Joltik/,36
Karrablast,£41.00,41.0,9391,296 in stock,296,Clamping | Pokemon,Clamping | karrablast | Shed Skin,Clamping | Pokemon | karrablast | Shed Skin,4,For some reason they evolve when they receive electrical energy while they are attacking Shelmet.,https://scrapeme.live/shop/Karrablast/,36
Klang,£162.00,162.0,9991,114 in stock,114,Gear | Pokemon,Gear | klang | Plus,Gear | Pokemon | klang | Plus,4,"A minigear and big gear comprise its body. If the minigear it launches at a foe doesn’t return, it will die.",https://scrapeme.live/shop/Klang/,36
Klink,£75.00,75.0,5294,84 in stock,84,Gear | Pokemon,Gear | klink | Plus,Gear | Pokemon | klink | Plus,4,The two minigears that mesh together are predetermined. Each will rebound from other minigears without meshing.,https://scrapeme.live/shop/Klink/,36
Sawsbuck,£76.00,76.0,6782,299 in stock,299,Pokemon | Season,Chlorophyll | sawsbuck | Season,Pokemon | Season | Chlorophyll | sawsbuck,4,"They migrate according to the seasons, so some people call Sawsbuck the harbingers of spring.",https://scrapeme.live/shop/Sawsbuck/,36
Vanillish,£93.00,93.0,5776,218 in stock,218,Icy Snow | Pokemon,Ice Body | Icy Snow | vanillish,Icy Snow | Pokemon | Ice Body | vanillish,4,"Snowy mountains are this Pokémon’s habitat. During an ancient ice age, they moved to southern areas.",https://scrapeme.live/shop/Vanillish/,36
Vanilluxe,£89.00,89.0,2362,30 in stock,30,Pokemon | Snowstorm,Ice Body | Snowstorm | vanilluxe,Pokemon | Snowstorm | Ice Body | vanilluxe,4,"Swallowing large amounts of water, they make snow clouds inside their bodies and, when angry, cause violent blizzards.",https://scrapeme.live/shop/Vanilluxe/,36
Accelgor,£129.00,129.0,7958,124 in stock,124,Pokemon | Shell Out,accelgor | Hydration | Shell Out,Pokemon | Shell Out | accelgor | Hydration,4,"When its body dries out, it weakens. So, to prevent dehydration, it wraps itself in many layers of thin membrane.",https://scrapeme.live/shop/Accelgor/,37
Axew,£123.00,123.0,9236,142 in stock,142,Pokemon | Tusk,axew | Rivalry | Tusk,Pokemon | Tusk | axew | Rivalry,4,"They mark their territory by leaving gashes in trees with their tusks. If a tusk breaks, a new one grows in quickly.",https://scrapeme.live/shop/Axew/,37
Beartic,£28.00,28.0,1322,272 in stock,272,Freezing | Pokemon,beartic | Freezing | Snow Cloak,Freezing | Pokemon | beartic | Snow Cloak,4,It freezes its breath to create fangs and claws of ice to fight with. Cold northern areas are its habitat.,https://scrapeme.live/shop/Beartic/,37
Beheeyem,£34.00,34.0,7367,68 in stock,68,Cerebral | Pokemon,beheeyem | Cerebral | Synchronize,Cerebral | Pokemon | beheeyem | Synchronize,4,It uses psychic power to control an opponent’s brain and tamper with its memories.,https://scrapeme.live/shop/Beheeyem/,37
Cryogonal,£72.00,72.0,5993,203 in stock,203,Crystallizing | Pokemon,cryogonal | Crystallizing | Levitate,Crystallizing | Pokemon | cryogonal | Levitate,4,"They are composed of ice crystals. They capture prey with chains of ice, freezing the prey at -148 degrees Fahrenheit.",https://scrapeme.live/shop/Cryogonal/,37
Cubchoo,£62.00,62.0,3643,45 in stock,45,Chill | Pokemon,Chill | cubchoo | Snow Cloak,Chill | Pokemon | cubchoo | Snow Cloak,4,"Their snot is a barometer of health. When healthy, their snot is sticky and the power of their ice moves increases.",https://scrapeme.live/shop/Cubchoo/,37
Eelektrik,£198.00,198.0,5128,150 in stock,150,EleFish | Pokemon,eelektrik | EleFish | Levitate,EleFish | Pokemon | eelektrik | Levitate,4,"These Pokémon have a big appetite. When they spot their prey, they attack it and paralyze it with electricity.",https://scrapeme.live/shop/Eelektrik/,37
Eelektross,£123.00,123.0,2066,111 in stock,111,EleFish | Pokemon,eelektross | EleFish | Levitate,EleFish | Pokemon | eelektross | Levitate,4,They crawl out of the ocean using their arms. They will attack prey on shore and immediately drag it into the ocean.,https://scrapeme.live/shop/Eelektross/,37
Elgyem,£107.00,107.0,3449,111 in stock,111,Cerebral | Pokemon,Cerebral | elgyem | Synchronize,Cerebral | Pokemon | elgyem | Synchronize,4,Rumors of its origin are linked to a UFO crash site in the desert 50 years ago.,https://scrapeme.live/shop/Elgyem/,37
Fraxure,£64.00,64.0,8993,234 in stock,234,Axe Jaw | Pokemon,Axe Jaw | fraxure | Rivalry,Axe Jaw | Pokemon | fraxure | Rivalry,4,"A broken tusk will not grow back, so it diligently sharpens its tusks on river rocks after the end of a battle.",https://scrapeme.live/shop/Fraxure/,37
Haxorus,£135.00,135.0,3951,239 in stock,239,Axe Jaw | Pokemon,Axe Jaw | haxorus | Rivalry,Axe Jaw | Pokemon | haxorus | Rivalry,4,Their sturdy tusks will stay sharp even if used to cut steel beams. These Pokémon are covered in hard armor.,https://scrapeme.live/shop/Haxorus/,37
Klinklang,£178.00,178.0,9489,87 in stock,87,Gear | Pokemon,Gear | klinklang | Plus,Gear | Pokemon | klinklang | Plus,4,Its red core functions as an energy tank. It fires the charged energy through its spikes into an area.,https://scrapeme.live/shop/Klinklang/,37
Lampent,£157.00,157.0,6418,48 in stock,48,Lamp | Pokemon,Flash Fire | Lamp | lampent,Lamp | Pokemon | Flash Fire | lampent,4,It arrives near the moment of death and steals spirit from the body.,https://scrapeme.live/shop/Lampent/,37
Litwick,£37.00,37.0,7933,76 in stock,76,Candle | Pokemon,Candle | Flash Fire | litwick,Candle | Pokemon | Flash Fire | litwick,4,"Litwick shines a light that absorbs the life energy of people and Pokémon, which becomes the fuel that it burns.",https://scrapeme.live/shop/Litwick/,37
Shelmet,£190.00,190.0,8708,131 in stock,131,Pokemon | Snail,Hydration | shelmet | Snail,Pokemon | Snail | Hydration | shelmet,4,It evolves when bathed in an electric-like energy along with Karrablast. The reason is still unknown.,https://scrapeme.live/shop/Shelmet/,37
Tynamo,£82.00,82.0,7438,46 in stock,46,EleFish | Pokemon,EleFish | Levitate | tynamo,EleFish | Pokemon | Levitate | tynamo,4,"One alone can emit only a trickle of electricity, so a group of them gathers to unleash a powerful electric shock.",https://scrapeme.live/shop/Tynamo/,37
Bisharp,£129.00,129.0,8828,255 in stock,255,Pokemon | Sword Blade,bisharp | Inner Focus | Sword Blade,Pokemon | Sword Blade | bisharp | Inner Focus,4,Bisharp pursues prey in the company of a large group of Pawniard. Then Bisharp finishes off the prey.,https://scrapeme.live/shop/Bisharp/,38
Bouffalant,£59.00,59.0,5666,201 in stock,201,Bash Buffalo | Pokemon,Bash Buffalo | bouffalant | Reckless,Bash Buffalo | Pokemon | bouffalant | Reckless,4,"Their fluffy fur absorbs damage, even if they strike foes with a fierce headbutt.",https://scrapeme.live/shop/Bouffalant/,38
Braviary,£83.00,83.0,1770,262 in stock,262,Pokemon | Valiant,braviary | Keen Eye | Valiant,Pokemon | Valiant | braviary | Keen Eye,4,They fight for their friends without any thought about danger to themselves. One can carry a car while flying.,https://scrapeme.live/shop/Braviary/,38
Deino,£63.00,63.0,8088,40 in stock,40,Irate | Pokemon,deino | Hustle | Irate,Irate | Pokemon | deino | Hustle,4,"Lacking sight, it’s unaware of its surroundings, so it bumps into things and eats anything that moves.",https://scrapeme.live/shop/Deino/,38
Druddigon,£110.00,110.0,4185,266 in stock,266,Cave | Pokemon,Cave | druddigon | Rough Skin,Cave | Pokemon | druddigon | Rough Skin,4,"It warms its body by absorbing sunlight with its wings. When its body temperature falls, it can no longer move.",https://scrapeme.live/shop/Druddigon/,38
Durant,£28.00,28.0,2490,272 in stock,272,Iron Ant | Pokemon,durant | Iron Ant | Swarm,Iron Ant | Pokemon | durant | Swarm,4,"They attack in groups, covering themselves in steel armor to protect themselves from Heatmor.",https://scrapeme.live/shop/Durant/,38
Golett,£89.00,89.0,8500,274 in stock,274,Automaton | Pokemon,Automaton | golett | Iron Fist,Automaton | Pokemon | golett | Iron Fist,4,Ancient science fashioned this Pokémon from clay. It’s been active for thousands of years.,https://scrapeme.live/shop/Golett/,38
Golurk,£74.00,74.0,5196,133 in stock,133,Automaton | Pokemon,Automaton | golurk | Iron Fist,Automaton | Pokemon | golurk | Iron Fist,4,It flies across the sky at Mach speeds. Removing the seal on its chest makes its internal energy go out of control.,https://scrapeme.live/shop/Golurk/,38
Heatmor,£81.00,81.0,5965,299 in stock,299,Anteater | Pokemon,Anteater | Flash Fire | heatmor,Anteater | Pokemon | Flash Fire | heatmor,4,"It draws in air through its tail, transforms it into fire, and uses it like a tongue. It melts Durant and eats them.",https://scrapeme.live/shop/Heatmor/,38
Mandibuzz,£89.00,89.0,7635,296 in stock,296,Bone Vulture | Pokemon,Big Pecks | Bone Vulture | mandibuzz,Bone Vulture | Pokemon | Big Pecks | mandibuzz,4,"Watching from the sky, they swoop to strike weakened Pokémon on the ground. They decorate themselves with bones.",https://scrapeme.live/shop/Mandibuzz/,38
Mienfoo,£197.00,197.0,2424,82 in stock,82,Martial Arts | Pokemon,Inner Focus | Martial Arts | mienfoo,Martial Arts | Pokemon | Inner Focus | mienfoo,4,"In fights, they dominate with onslaughts of flowing, continuous attacks. With their sharp claws, they cut enemies.",https://scrapeme.live/shop/Mienfoo/,38
Mienshao,£50.00,50.0,8121,253 in stock,253,Martial Arts | Pokemon,Inner Focus | Martial Arts | mienshao,Martial Arts | Pokemon | Inner Focus | mienshao,4,"Using the long fur on its arms like whips, it launches into combo attacks that, once started, no one can stop.",https://scrapeme.live/shop/Mienshao/,38
Pawniard,£37.00,37.0,3172,58 in stock,58,Pokemon | Sharp Blade,Inner Focus | pawniard | Sharp Blade,Pokemon | Sharp Blade | Inner Focus | pawniard,4,"Ignoring their injuries, groups attack by sinking the blades that cover their bodies into their prey.",https://scrapeme.live/shop/Pawniard/,38
Rufflet,£60.00,60.0,8587,194 in stock,194,Eaglet | Pokemon,Eaglet | Keen Eye | rufflet,Eaglet | Pokemon | Keen Eye | rufflet,4,"They will challenge anything, even strong opponents, without fear. Their frequent fights help them become stronger.",https://scrapeme.live/shop/Rufflet/,38
Stunfisk,£67.00,67.0,2448,288 in stock,288,Pokemon | Trap,Static | stunfisk | Trap,Pokemon | Trap | Static | stunfisk,4,"It conceals itself in the mud of the seashore. Then it waits. When prey touch it, it delivers a jolt of electricity.",https://scrapeme.live/shop/Stunfisk/,38
Vullaby,£61.00,61.0,8446,16 in stock,16,Diapered | Pokemon,Big Pecks | Diapered | vullaby,Diapered | Pokemon | Big Pecks | vullaby,4,Their wings are too tiny to allow them to fly. They guard their posteriors with bones that were gathered by Mandibuzz.,https://scrapeme.live/shop/Vullaby/,38
Braixen,£59.00,59.0,6617,71 in stock,71,Fox | Pokemon,Blaze | braixen | Fox,Fox | Pokemon | Blaze | braixen,4,"When the twig is plucked from its tail, friction sets the twig alight. The flame is used to send signals to its allies.",https://scrapeme.live/shop/Braixen/,39
Chesnaught,£96.00,96.0,5360,145 in stock,145,Pokemon | Spiny Armor,chesnaught | Overgrow | Spiny Armor,Pokemon | Spiny Armor | chesnaught | Overgrow,4,"When it takes a defensive posture with its fists guarding its face, it could withstand a bomb blast.",https://scrapeme.live/shop/Chesnaught/,39
Chespin,£185.00,185.0,2048,267 in stock,267,Pokemon | Spiny Nut,chespin | Overgrow | Spiny Nut,Pokemon | Spiny Nut | chespin | Overgrow,4,Such a thick shell of wood covers its head and back that even a direct hit from a truck wouldn’t faze it.,https://scrapeme.live/shop/Chespin/,39
Cobalion,£111.00,111.0,5798,94 in stock,94,Iron Will | Pokemon,cobalion | Iron Will | Justified,Iron Will | Pokemon | cobalion | Justified,4,It has a body and heart of steel. It worked with its allies to punish people when they hurt Pokémon.,https://scrapeme.live/shop/Cobalion/,39
Delphox,£170.00,170.0,3188,146 in stock,146,Fox | Pokemon,Blaze | delphox | Fox,Fox | Pokemon | Blaze | delphox,4,"Using psychic power, it generates a fiery vortex of 5,400 degrees Fahrenheit, incinerating foes swept into this whirl of flame.",https://scrapeme.live/shop/Delphox/,39
Fennekin,£123.00,123.0,1069,183 in stock,183,Fox | Pokemon,Blaze | fennekin | Fox,Fox | Pokemon | Blaze | fennekin,4,"As it walks, it munches on a twig in place of a snack. It intimidates opponents by puffing hot air out of its ears.",https://scrapeme.live/shop/Fennekin/,39
Froakie,£38.00,38.0,8475,143 in stock,143,Bubble Frog | Pokemon,Bubble Frog | froakie | Torrent,Bubble Frog | Pokemon | froakie | Torrent,4,"It protects its skin by covering its body in delicate bubbles. Beneath its happy-go-lucky air, it keeps a watchful eye on its surroundings.",https://scrapeme.live/shop/Froakie/,39
Genesect,£173.00,173.0,4041,30 in stock,30,Paleozoic | Pokemon,Download | genesect | Paleozoic,Paleozoic | Pokemon | Download | genesect,4,This Pokémon existed 300 million years ago. Team Plasma altered it and attached a cannon to its back.,https://scrapeme.live/shop/Genesect/,39
Hydreigon,£86.00,86.0,9310,299 in stock,299,Brutal | Pokemon,Brutal | hydreigon | Levitate,Brutal | Pokemon | hydreigon | Levitate,4,"It responds to movement by attacking. This scary, three-headed Pokémon devours everything in its path!",https://scrapeme.live/shop/Hydreigon/,39
Quilladin,£161.00,161.0,7500,61 in stock,61,Pokemon | Spiny Armor,Overgrow | quilladin | Spiny Armor,Pokemon | Spiny Armor | Overgrow | quilladin,4,They strengthen their lower bodies by running into one another. They are very kind and won’t start fights.,https://scrapeme.live/shop/Quilladin/,39
Reshiram,£147.00,147.0,6531,235 in stock,235,Pokemon | Vast White,reshiram | Turboblaze | Vast White,Pokemon | Vast White | reshiram | Turboblaze,4,"When Reshiram’s tail flares, the heat energy moves the atmosphere and changes the world’s weather.",https://scrapeme.live/shop/Reshiram/,39
Terrakion,£87.00,87.0,1701,136 in stock,136,Cavern | Pokemon,Cavern | Justified | terrakion,Cavern | Pokemon | Justified | terrakion,4,"Spoken of in legend, this Pokémon used its phenomenal power to destroy a castle in its effort to protect Pokémon.",https://scrapeme.live/shop/Terrakion/,39
Virizion,£156.00,156.0,7907,161 in stock,161,Grassland | Pokemon,Grassland | Justified | virizion,Grassland | Pokemon | Justified | virizion,4,Legends say this Pokémon confounded opponents with its swift movements.,https://scrapeme.live/shop/Virizion/,39
Volcarona,£94.00,94.0,6817,57 in stock,57,Pokemon | Sun,Flame Body | sun | volcarona,Pokemon | Sun | Flame Body | sun | volcarona,5,"When volcanic ash darkened the atmosphere, it is said that Volcarona’s fire provided a replacement for the sun.",https://scrapeme.live/shop/Volcarona/,39
Zekrom,£135.00,135.0,8154,253 in stock,253,Deep Black | Pokemon,Deep Black | Teravolt | zekrom,Deep Black | Pokemon | Teravolt | zekrom,4,"Concealing itself in lightning clouds, it flies throughout the Unova region. It creates electricity in its tail.",https://scrapeme.live/shop/Zekrom/,39
Zweilous,£199.00,199.0,6661,69 in stock,69,Hostile | Pokemon,Hostile | Hustle | zweilous,Hostile | Pokemon | Hustle | zweilous,4,"After it has eaten up all the food in its territory, it moves to another area. Its two heads do not get along.",https://scrapeme.live/shop/Zweilous/,39
Bunnelby,£66.00,66.0,1862,194 in stock,194,Digging | Pokemon,bunnelby | Digging | Pickup,Digging | Pokemon | bunnelby | Pickup,4,It has ears like shovels. Digging holes strengthens its ears so much that they can sever thick roots effortlessly.,https://scrapeme.live/shop/Bunnelby/,40
Flabebe,£79.00,79.0,1253,24 in stock,24,Pokemon | Single Bloom,flabebe | Flower Veil | Single Bloom,Pokemon | Single Bloom | flabebe | Flower Veil,4,"When it finds a flower it likes, it dwells on that flower its whole life long. It floats in the wind’s embrace with an untroubled heart.",https://scrapeme.live/shop/Flabebe/,40
Fletchinder,£147.00,147.0,9413,36 in stock,36,Ember | Pokemon,Ember | Flame Body | fletchinder,Ember | Pokemon | Flame Body | fletchinder,4,"The hotter the flame sac on its belly, the faster it can fly, but it takes some time to get the fire going.",https://scrapeme.live/shop/Fletchinder/,40
Fletchling,£43.00,43.0,6897,127 in stock,127,Pokemon | Tiny Robin,Big Pecks | fletchling | Tiny Robin,Pokemon | Tiny Robin | Big Pecks | fletchling,4,"Despite the beauty of its lilting voice, it’s merciless to intruders that enter its territory.",https://scrapeme.live/shop/Fletchling/,40
Floette,£149.00,149.0,4585,270 in stock,270,Pokemon | Single Bloom,floette | Flower Veil | Single Bloom,Pokemon | Single Bloom | floette | Flower Veil,4,"When the flowers of a well-tended flower bed bloom, it appears and celebrates with an elegant dance.",https://scrapeme.live/shop/Floette/,40
Florges,£93.00,93.0,9793,25 in stock,25,Garden | Pokemon,florges | Flower Veil | Garden,Garden | Pokemon | florges | Flower Veil,4,"In times long past, governors of castles would invite Florges to create flower gardens to embellish the castle domains.",https://scrapeme.live/shop/Florges/,40
Frogadier,£125.00,125.0,4488,58 in stock,58,Bubble Frog | Pokemon,Bubble Frog | frogadier | Torrent,Bubble Frog | Pokemon | frogadier | Torrent,4,"Its swiftness is unparalleled. It can scale a tower of more than 2,000 feet in a minute’s time.",https://scrapeme.live/shop/Frogadier/,40
Gogoat,£97.00,97.0,6039,104 in stock,104,Mount | Pokemon,gogoat | Mount | Sap Sipper,Mount | Pokemon | gogoat | Sap Sipper,4,They inhabit mountainous regions. The leader of the herd is decided by a battle of clashing horns.,https://scrapeme.live/shop/Gogoat/,40
Greninja,£42.00,42.0,1004,213 in stock,213,Ninja | Pokemon,greninja | Ninja | Torrent,Ninja | Pokemon | greninja | Torrent,4,"It appears and vanishes with a ninja’s grace. It toys with its enemies using swift movements, while slicing them with throwing stars of sharpest water.",https://scrapeme.live/shop/Greninja/,40
Litleo,£34.00,34.0,5074,288 in stock,288,Lion Cub | Pokemon,Lion Cub | litleo | Rivalry,Lion Cub | Pokemon | litleo | Rivalry,4,They set off on their own from their pride and live by themselves to become stronger. These hot-blooded Pokémon are quick to fight.,https://scrapeme.live/shop/Litleo/,40
Pyroar,£127.00,127.0,5896,38 in stock,38,Pokemon | Royal,pyroar | Rivalry | Royal,Pokemon | Royal | pyroar | Rivalry,4,"With fiery breath of more than 10,000 degrees Fahrenheit, they viciously threaten any challenger. The females protect the pride’s cubs.",https://scrapeme.live/shop/Pyroar/,40
Scatterbug,£40.00,40.0,5928,50 in stock,50,Pokemon | Scatterdust,scatterbug | Scatterdust | Shield Dust,Pokemon | Scatterdust | scatterbug | Shield Dust,4,"The powder that covers its body regulates its temperature, so it can live in any region or climate.",https://scrapeme.live/shop/Scatterbug/,40
Skiddo,£129.00,129.0,5049,271 in stock,271,Mount | Pokemon,Mount | Sap Sipper | skiddo,Mount | Pokemon | Sap Sipper | skiddo,4,"If it has sunshine and water, it doesn’t need to eat, because it can generate energy from the leaves on its back.",https://scrapeme.live/shop/Skiddo/,40
Spewpa,£155.00,155.0,2784,168 in stock,168,Pokemon | Scatterdust,Scatterdust | Shed Skin | spewpa,Pokemon | Scatterdust | Shed Skin | spewpa,4,"The beaks of bird Pokémon can’t begin to scratch its stalwart body. To defend itself, it spews powder.",https://scrapeme.live/shop/Spewpa/,40
Talonflame,£84.00,84.0,6530,205 in stock,205,Pokemon | Scorching,Flame Body | Scorching | talonflame,Pokemon | Scorching | Flame Body | talonflame,4,"When attacking prey, it can reach speeds of up to 310 mph. It finishes its prey off with a colossal kick.",https://scrapeme.live/shop/Talonflame/,40
Vivillon,£177.00,177.0,9125,208 in stock,208,Pokemon | Scale,Scale | Shield Dust | vivillon,Pokemon | Scale | Shield Dust | vivillon,4,The patterns on this Pokémon’s wings depend on the climate and topography of its habitat. It scatters colorful scales.,https://scrapeme.live/shop/Vivillon/,40
Aromatisse,£194.00,194.0,7781,198 in stock,198,Fragrance | Pokemon,aromatisse | Fragrance | Healer,Fragrance | Pokemon | aromatisse | Healer,4,"Its scent is so overpowering that, unless a Trainer happens to really enjoy the smell, he or she will have a hard time walking alongside it.",https://scrapeme.live/shop/Aromatisse/,41
Barbaracle,£165.00,165.0,2186,123 in stock,123,Collective | Pokemon,barbaracle | Collective | Sniper,Collective | Pokemon | barbaracle | Sniper,4,"Barbaracle’s legs and hands have minds of their own, and they will move independently. But they usually follow the head’s orders.",https://scrapeme.live/shop/Barbaracle/,41
Binacle,£102.00,102.0,2430,143 in stock,143,Pokemon | Two-Handed,binacle | Sniper | Two-Handed,Pokemon | Two-Handed | binacle | Sniper,4,"They stretch and then contract, yanking their rocks along with them in bold hops. They eat seaweed that washes up on the shoreline.",https://scrapeme.live/shop/Binacle/,41
Clauncher,£29.00,29.0,3133,152 in stock,152,Pokemon | Water Gun,clauncher | Mega Launcher | Water Gun,Pokemon | Water Gun | clauncher | Mega Launcher,4,"Through controlled explosions of internal gas, it can expel water like a pistol shot. At close distances, it can shatter rock.",https://scrapeme.live/shop/Clauncher/,41
Doublade,£164.00,164.0,3642,144 in stock,144,Pokemon | Sword,doublade | No Guard | Sword,Pokemon | Sword | doublade | No Guard,4,"The complex attack patterns of its two swords are unstoppable, even for an opponent greatly accomplished at swordplay.",https://scrapeme.live/shop/Doublade/,41
Dragalge,£151.00,151.0,8707,254 in stock,254,Mock Kelp | Pokemon,dragalge | Mock Kelp | Poison Point,Mock Kelp | Pokemon | dragalge | Poison Point,4,"Tales are told of ships that wander into seas where Dragalge live, never to return.",https://scrapeme.live/shop/Dragalge/,41
Espurr,£149.00,149.0,6882,169 in stock,169,Pokemon | Restraint,espurr | Keen Eye | Restraint,Pokemon | Restraint | espurr | Keen Eye,4,"It has enough psychic energy to blast everything within 300 feet of itself, but it has no control over its power.",https://scrapeme.live/shop/Espurr/,41
Furfrou,£165.00,165.0,6858,180 in stock,180,Pokemon | Poodle,Fur Coat | furfrou | Poodle,Pokemon | Poodle | Fur Coat | furfrou,4,"Historically, in the Kalos region, these Pokémon were the designated guardians of the king.",https://scrapeme.live/shop/Furfrou/,41
Honedge,£101.00,101.0,2418,101 in stock,101,Pokemon | Sword,honedge | No Guard | Sword,Pokemon | Sword | honedge | No Guard,4,"If anyone dares to grab its hilt, it wraps a blue cloth around that person’s arm and drains that person’s life energy completely.",https://scrapeme.live/shop/Honedge/,41
Inkay,£38.00,38.0,5522,167 in stock,167,Pokemon | Revolving,inkay | Revolving | Suction Cups,Pokemon | Revolving | inkay | Suction Cups,4,"It flashes the light-emitting spots on its body, which drains its opponent’s will to fight. It takes the opportunity to scuttle away and hide.",https://scrapeme.live/shop/Inkay/,41
Malamar,£58.00,58.0,8034,294 in stock,294,Overturning | Pokemon,malamar | Overturning | Suction Cups,Overturning | Pokemon | malamar | Suction Cups,4,"It lures its prey close with hypnotic motions, then wraps its tentacles around it before finishing it off with digestive fluids.",https://scrapeme.live/shop/Malamar/,41
Pangoro,£76.00,76.0,3178,271 in stock,271,Daunting | Pokemon,Daunting | Iron Fist | pangoro,Daunting | Pokemon | Iron Fist | pangoro,4,"It charges ahead and bashes its opponents like a berserker, uncaring about any hits it might take. Its arms are mighty enough to snap a telephone pole.",https://scrapeme.live/shop/Pangoro/,41
Skrelp,£63.00,63.0,4439,184 in stock,184,Mock Kelp | Pokemon,Mock Kelp | Poison Point | skrelp,Mock Kelp | Pokemon | Poison Point | skrelp,4,It looks just like rotten kelp. It hides from foes while storing up power for its evolution.,https://scrapeme.live/shop/Skrelp/,41
Slurpuff,£66.00,66.0,1013,262 in stock,262,Meringue | Pokemon,Meringue | slurpuff | Sweet Veil,Meringue | Pokemon | slurpuff | Sweet Veil,4,"Its sense of smell is 100 million times better than a human’s, so even the faintest scent tells it about everything in the area. It’s like it can see with its nose!",https://scrapeme.live/shop/Slurpuff/,41
Spritzee,£58.00,58.0,7207,241 in stock,241,Perfume | Pokemon,Healer | Perfume | spritzee,Perfume | Pokemon | Healer | spritzee,4,"In the past, rather than using perfume, royal ladies carried a Spritzee that would waft a fragrance they liked.",https://scrapeme.live/shop/Spritzee/,41
Swirlix,£90.00,90.0,1694,129 in stock,129,Cotton Candy | Pokemon,Cotton Candy | Sweet Veil | swirlix,Cotton Candy | Pokemon | Sweet Veil | swirlix,4,"Because it eats nothing but sweets, its fur is as sticky sweet as cotton candy.",https://scrapeme.live/shop/Swirlix/,41
Amaura,£155.00,155.0,3786,187 in stock,187,Pokemon | Tundra,amaura | Refrigerate | Tundra,Pokemon | Tundra | amaura | Refrigerate,4,This calm Pokémon lived in a cold land where there were no violent predators like Tyrantrum.,https://scrapeme.live/shop/Amaura/,42
Aurorus,£189.00,189.0,3008,243 in stock,243,Pokemon | Tundra,aurorus | Refrigerate | Tundra,Pokemon | Tundra | aurorus | Refrigerate,4,"Using its diamond-shaped crystals, it can instantly create a wall of ice to block an opponent’s attack.",https://scrapeme.live/shop/Aurorus/,42
Carbink,£171.00,171.0,1834,290 in stock,290,Jewel | Pokemon,carbink | Clear Body | Jewel,Jewel | Pokemon | carbink | Clear Body,4,It has slept underground for hundreds of millions of years since its birth. It’s occasionally found during the excavation of caves.,https://scrapeme.live/shop/Carbink/,42
Clawitzer,£69.00,69.0,1535,65 in stock,65,Howitzer | Pokemon,clawitzer | Howitzer | Mega Launcher,Howitzer | Pokemon | clawitzer | Mega Launcher,4,"By expelling water from the nozzle in the back of its claw, it can move at a speed of 60 knots.",https://scrapeme.live/shop/Clawitzer/,42
Dedenne,£118.00,118.0,3410,71 in stock,71,Antenna | Pokemon,Antenna | dedenne | Pickup,Antenna | Pokemon | dedenne | Pickup,4,"It uses its tail to absorb electricity from power plants or from outlets in houses, and then it fires the electricity from its whiskers.",https://scrapeme.live/shop/Dedenne/,42
Goodra,£192.00,192.0,1614,185 in stock,185,Dragon | Pokemon,Dragon | goodra | Hydration,Dragon | Pokemon | goodra | Hydration,4,It attacks with retractable horns. It throws a punch that’s the equivalent of the force of a hundred pro boxers.,https://scrapeme.live/shop/Goodra/,42
Goomy,£110.00,110.0,3506,122 in stock,122,Pokemon | Soft Tissue,goomy | Hydration | Soft Tissue,Pokemon | Soft Tissue | goomy | Hydration,4,It’s covered in a slimy membrane that makes any punches or kicks slide off it harmlessly.,https://scrapeme.live/shop/Goomy/,42
Hawlucha,£44.00,44.0,2009,30 in stock,30,Pokemon | Wrestling,hawlucha | Limber | Wrestling,Pokemon | Wrestling | hawlucha | Limber,4,"With its wings, it controls its position in the air. It likes to attack from above, a maneuver that is difficult to defend against.",https://scrapeme.live/shop/Hawlucha/,42
Heliolisk,£83.00,83.0,3157,43 in stock,43,Generator | Pokemon,Generator | heliolisk | Sand Veil,Generator | Pokemon | heliolisk | Sand Veil,4,"It stimulates its muscles with electricity, boosting the strength in its legs and enabling it to run 100 yards in five seconds.",https://scrapeme.live/shop/Heliolisk/,42
Helioptile,£62.00,62.0,3461,126 in stock,126,Generator | Pokemon,Generator | helioptile | Sand Veil,Generator | Pokemon | helioptile | Sand Veil,4,The frills on either side of its head have cells that generate electricity when exposed to sunlight.,https://scrapeme.live/shop/Helioptile/,42
Klefki,£179.00,179.0,2856,30 in stock,30,Key Ring | Pokemon,Key Ring | klefki | Prankster,Key Ring | Pokemon | klefki | Prankster,4,"It never lets go of a key that it likes, so people give it the keys to vaults and safes as a way to prevent crime.",https://scrapeme.live/shop/Klefki/,42
Sliggoo,£109.00,109.0,8675,232 in stock,232,Pokemon | Soft Tissue,Hydration | sliggoo | Soft Tissue,Pokemon | Soft Tissue | Hydration | sliggoo,4,"Its four horns are a high-performance radar system. It uses them to sense sounds and smells, rather than using ears or a nose.",https://scrapeme.live/shop/Sliggoo/,42
Sylveon,£48.00,48.0,8161,20 in stock,20,Intertwining | Pokemon,Cute Charm | Intertwining | sylveon,Intertwining | Pokemon | Cute Charm | sylveon,4,It wraps its ribbonlike feelers around the arm of its beloved Trainer and walks with him or her.,https://scrapeme.live/shop/Sylveon/,42
Trevenant,£53.00,53.0,3436,167 in stock,167,Elder Tree | Pokemon,Elder Tree | Natural Cure | trevenant,Elder Tree | Pokemon | Natural Cure | trevenant,4,"Using its roots as a nervous system, it controls the trees in the forest. It’s kind to the Pokémon that reside in its body.",https://scrapeme.live/shop/Trevenant/,42
Tyrantrum,£26.00,26.0,2750,58 in stock,58,Despot | Pokemon,Despot | Strong Jaw | tyrantrum,Despot | Pokemon | Strong Jaw | tyrantrum,4,"Nothing could stop this Pokémon 100 million years ago, so it behaved like a king.",https://scrapeme.live/shop/Tyrantrum/,42
Tyrunt,£62.00,62.0,6058,148 in stock,148,Pokemon | Royal Heir,Royal Heir | Strong Jaw | tyrunt,Pokemon | Royal Heir | Strong Jaw | tyrunt,4,Its immense jaws have enough destructive force that it can chew up an automobile. It lived 100 million years ago.,https://scrapeme.live/shop/Tyrunt/,42
Avalugg,£71.00,71.0,5514,156 in stock,156,Iceberg | Pokemon,avalugg | Iceberg | Own Tempo,Iceberg | Pokemon | avalugg | Own Tempo,4,The way several Bergmite huddle on its back makes it look like an aircraft carrier made of ice.,https://scrapeme.live/shop/Avalugg/,43
Bergmite,£119.00,119.0,7042,248 in stock,248,Ice Chunk | Pokemon,bergmite | Ice Chunk | Own Tempo,Ice Chunk | Pokemon | bergmite | Own Tempo,4,"Using air of -150 degrees Fahrenheit, they freeze opponents solid. They live in herds above the snow line on mountains.",https://scrapeme.live/shop/Bergmite/,43
Dartrix,£169.00,169.0,4851,169 in stock,169,Blade Quill | Pokemon,Blade Quill | dartrix | Overgrow,Blade Quill | Pokemon | dartrix | Overgrow,4,It throws sharp feathers called blade quills at enemies or prey. It seldom misses.,https://scrapeme.live/shop/Dartrix/,43
Decidueye,£106.00,106.0,7059,268 in stock,268,Arrow Quill | Pokemon,Arrow Quill | decidueye | Overgrow,Arrow Quill | Pokemon | decidueye | Overgrow,4,"Although basically cool and cautious, when it’s caught by surprise, it’s seized by panic.",https://scrapeme.live/shop/Decidueye/,43
Diancie,£27.00,27.0,1266,231 in stock,231,Jewel | Pokemon,Clear Body | diancie | Jewel,Jewel | Pokemon | Clear Body | diancie,4,It can instantly create many diamonds by compressing the carbon in the air between its hands.,https://scrapeme.live/shop/Diancie/,43
Hoopa,£189.00,189.0,3194,45 in stock,45,Mischief | Pokemon,hoopa | Magician | Mischief,Mischief | Pokemon | hoopa | Magician,4,"It is said to be able to seize anything it desires with its six rings and six huge arms. With its power sealed, it is transformed into a much smaller form.",https://scrapeme.live/shop/Hoopa/,43
Incineroar,£36.00,36.0,5027,201 in stock,201,Heel | Pokemon,Blaze | Heel | incineroar,Heel | Pokemon | Blaze | incineroar,4,"After hurling ferocious punches and flinging furious kicks, it finishes opponents off by spewing fire from around its navel.",https://scrapeme.live/shop/Incineroar/,43
Litten,£132.00,132.0,6456,150 in stock,150,Fire Cat | Pokemon,Blaze | Fire Cat | litten,Fire Cat | Pokemon | Blaze | litten,4,It doesn’t allow its emotions to be easily seen. Earning its trust takes time. It prefers solitude.,https://scrapeme.live/shop/Litten/,43
Noibat,£126.00,126.0,6099,136 in stock,136,Pokemon | Sound Wave,Frisk | noibat | Sound Wave,Pokemon | Sound Wave | Frisk | noibat,4,"Even a robust wrestler will become dizzy and unable to stand when exposed to its 200,000-hertz ultrasonic waves.",https://scrapeme.live/shop/Noibat/,43
Noivern,£75.00,75.0,1413,159 in stock,159,Pokemon | Sound Wave,Frisk | noivern | Sound Wave,Pokemon | Sound Wave | Frisk | noivern,4,The ultrasonic waves it emits from its ears can reduce a large boulder to pebbles. It swoops out of the dark to attack.,https://scrapeme.live/shop/Noivern/,43
Popplio,£158.00,158.0,7912,83 in stock,83,Pokemon | Sea Lion,popplio | Sea Lion | Torrent,Pokemon | Sea Lion | popplio | Torrent,4,This Pokémon can control water bubbles. It practices diligently so it can learn to make big bubbles.,https://scrapeme.live/shop/Popplio/,43
Torracat,£184.00,184.0,9406,186 in stock,186,Fire Cat | Pokemon,Blaze | Fire Cat | torracat,Fire Cat | Pokemon | Blaze | torracat,4,"It boasts powerful front legs. With a single punch, it can bend an iron bar right over.",https://scrapeme.live/shop/Torracat/,43
Volcanion,£45.00,45.0,4693,238 in stock,238,Pokemon | Steam,Steam | volcanion | Water Absorb,Pokemon | Steam | volcanion | Water Absorb,4,It expels its internal steam from the arms on its back. It has enough power to blow away a mountain.,https://scrapeme.live/shop/Volcanion/,43
Xerneas,£30.00,30.0,6107,171 in stock,171,Life | Pokemon,Fairy Aura | Life | xerneas,Life | Pokemon | Fairy Aura | xerneas,4,"When the horns on its head shine in seven colors, it is said to be sharing everlasting life.",https://scrapeme.live/shop/Xerneas/,43
Yveltal,£59.00,59.0,4540,215 in stock,215,Destruction | Pokemon,Dark Aura | Destruction | yveltal,Destruction | Pokemon | Dark Aura | yveltal,4,"When its life comes to an end, it absorbs the life energy of every living thing and turns into a cocoon once more.",https://scrapeme.live/shop/Yveltal/,43
Zygarde,£83.00,83.0,5609,80 in stock,80,Order | Pokemon,Aura Break | Order | zygarde,Order | Pokemon | Aura Break | zygarde,4,It’s thought to be monitoring the ecosystem. There are rumors that even greater power lies hidden within it.,https://scrapeme.live/shop/Zygarde/,43
Brionne,£172.00,172.0,9296,174 in stock,174,Pokemon | Pop Star,brionne | Pop Star | Torrent,Pokemon | Pop Star | brionne | Torrent,4,"It cares deeply for its companions. When its Trainer is feeling down, it performs a cheery dance to try and help.",https://scrapeme.live/shop/Brionne/,44
Charjabug,£76.00,76.0,8497,21 in stock,21,Battery | Pokemon,Battery | charjabug,Battery | Pokemon | charjabug,3,"From the food it digests, it generates electricity, and it stores this energy in its electric sac.",https://scrapeme.live/shop/Charjabug/,44
Crabominable,£65.00,65.0,3027,188 in stock,188,Pokemon | Woolly Crab,crabominable | Hyper Cutter | Woolly Crab,Pokemon | Woolly Crab | crabominable | Hyper Cutter,4,"It just throws punches indiscriminately. In times of desperation, it can lop off its own pincers and fire them like rockets.",https://scrapeme.live/shop/Crabominable/,44
Crabrawler,£181.00,181.0,5483,212 in stock,212,Boxing | Pokemon,Boxing | crabrawler | Hyper Cutter,Boxing | Pokemon | crabrawler | Hyper Cutter,4,"It punches so much, its pincers often come off from overuse, but they grow back quickly. What little meat they contain is rich and delicious.",https://scrapeme.live/shop/Crabrawler/,44
Cutiefly,£118.00,118.0,3090,23 in stock,23,Bee Fly | Pokemon,Bee Fly | cutiefly | Shield Dust,Bee Fly | Pokemon | cutiefly | Shield Dust,4,Myriads of Cutiefly flutter above the heads of people who have auras resembling those of flowers.,https://scrapeme.live/shop/Cutiefly/,44
Grubbin,£77.00,77.0,3728,47 in stock,47,Larva | Pokemon,grubbin | Larva | Swarm,Larva | Pokemon | grubbin | Swarm,4,They often gather near places frequented by electric Pokémon in order to avoid being attacked by bird Pokémon.,https://scrapeme.live/shop/Grubbin/,44
Gumshoos,£123.00,123.0,3078,125 in stock,125,Pokemon | Stakeout,gumshoos | Stakeout | Strong Jaw,Pokemon | Stakeout | gumshoos | Strong Jaw,4,"It adores having Rattata and Raticate for dinner, but as it’s diurnal, it never encounters them. This Pokémon boasts incredible patience.",https://scrapeme.live/shop/Gumshoos/,44
Mareanie,£47.00,47.0,2097,99 in stock,99,Brutal Star | Pokemon,Brutal Star | Limber | mareanie,Brutal Star | Pokemon | Limber | mareanie,4,It’s found crawling on beaches and seafloors. The coral that grows on Corsola’s head is as good as a five-star banquet to this Pokémon.,https://scrapeme.live/shop/Mareanie/,44
Pikipek,£51.00,51.0,3914,246 in stock,246,Pokemon | Woodpecker,Keen Eye | pikipek | Woodpecker,Pokemon | Woodpecker | Keen Eye | pikipek,4,"This Pokémon feeds on berries, whose leftover seeds become the ammunition for the attacks it fires off from its mouth.",https://scrapeme.live/shop/Pikipek/,44
Primarina,£143.00,143.0,2133,36 in stock,36,Pokemon | Soloist,primarina | Soloist | Torrent,Pokemon | Soloist | primarina | Torrent,4,Its singing voice is its chief weapon in battle. This Pokémon’s Trainer must prioritize the daily maintenance of its throat at all costs.,https://scrapeme.live/shop/Primarina/,44
Ribombee,£100.00,100.0,4694,233 in stock,233,Bee Fly | Pokemon,Bee Fly | ribombee | Shield Dust,Bee Fly | Pokemon | ribombee | Shield Dust,4,Some of Ribombee’s pollen puffs are highly nutritious. They are sometimes sold as supplements.,https://scrapeme.live/shop/Ribombee/,44
Rockruff,£149.00,149.0,9049,296 in stock,296,Pokemon | Puppy,Keen Eye | Puppy | rockruff,Pokemon | Puppy | Keen Eye | rockruff,4,This Pokémon has lived with people since times long ago. It can sense when its Trainer is in the dumps and will stick close by its Trainer’s side.,https://scrapeme.live/shop/Rockruff/,44
Toucannon,£77.00,77.0,9306,176 in stock,176,Cannon | Pokemon,Cannon | Keen Eye | toucannon,Cannon | Pokemon | Keen Eye | toucannon,4,"Within its beak, its internal gas ignites, explosively launching seeds with enough power to pulverize boulders.",https://scrapeme.live/shop/Toucannon/,44
Trumbeak,£59.00,59.0,2185,30 in stock,30,Bugle Beak | Pokemon,Bugle Beak | Keen Eye | trumbeak,Bugle Beak | Pokemon | Keen Eye | trumbeak,4,"By bending its beak, it can produce a variety of calls and brand itself a noisy nuisance for its neighbors.",https://scrapeme.live/shop/Trumbeak/,44
Vikavolt,£88.00,88.0,8322,62 in stock,62,Pokemon | Stag Beetle,Levitate | Stag Beetle | vikavolt,Pokemon | Stag Beetle | Levitate | vikavolt,4,It produces electricity via an electrical organ in its abdomen. It overwhelms bird Pokémon with shocking beams of electrical energy.,https://scrapeme.live/shop/Vikavolt/,44
Yungoos,£159.00,159.0,1383,180 in stock,180,Loitering | Pokemon,Loitering | Strong Jaw | yungoos,Loitering | Pokemon | Strong Jaw | yungoos,4,"It wanders around in a never-ending search for food. At dusk, it collapses from exhaustion and falls asleep on the spot.",https://scrapeme.live/shop/Yungoos/,44
Araquanid,£48.00,48.0,8489,281 in stock,281,Pokemon | Water Bubble,araquanid | Water Bubble,Pokemon | Water Bubble | araquanid,3,"Despite what its appearance suggests, it cares for others. If it finds vulnerable, weak Pokémon, it protectively brings them into its water bubble.",https://scrapeme.live/shop/Araquanid/,45
Bewear,£117.00,117.0,7159,96 in stock,96,Pokemon | Strong Arm,bewear | Klutz | Strong Arm,Pokemon | Strong Arm | bewear | Klutz,4,This Pokémon has the habit of hugging its companions. Many Trainers have left this world after their spines were squashed by its hug.,https://scrapeme.live/shop/Bewear/,45
Bounsweet,£193.00,193.0,6963,76 in stock,76,Fruit | Pokemon,bounsweet | fruit | Oblivious,Fruit | Pokemon | bounsweet | fruit | Oblivious,5,"Although it’s too sugary for human consumption, Bounsweet’s sweat can be watered down into a juice with just the right amount of sweetness.",https://scrapeme.live/shop/Bounsweet/,45
Dewpider,£84.00,84.0,1034,23 in stock,23,Pokemon | Water Bubble,dewpider | Water Bubble,Pokemon | Water Bubble | dewpider,3,"When it comes across enemies or potential prey, this Pokémon smashes its water-bubble-covered head into them.",https://scrapeme.live/shop/Dewpider/,45
Fomantis,£104.00,104.0,9109,209 in stock,209,Pokemon | Sickle Grass,fomantis | Leaf Guard | Sickle Grass,Pokemon | Sickle Grass | fomantis | Leaf Guard,4,They give off a sweet and refreshing scent. Cutiefly often gather near the tall grass where Fomantis are hiding.,https://scrapeme.live/shop/Fomantis/,45
Lurantis,£159.00,159.0,1903,269 in stock,269,Bloom Sickle | Pokemon,Bloom Sickle | Leaf Guard | lurantis,Bloom Sickle | Pokemon | Leaf Guard | lurantis,4,It fires beams from its sickle-shaped petals. These beams are powerful enough to cleave through thick metal plates.,https://scrapeme.live/shop/Lurantis/,45
Morelull,£87.00,87.0,8895,71 in stock,71,Illuminating | Pokemon,Effect Spore | Illuminating | morelull,Illuminating | Pokemon | Effect Spore | morelull,4,"As it drowses the day away, it nourishes itself by sucking from tree roots. It wakens at the fall of night, wandering off in search of a new tree.",https://scrapeme.live/shop/Morelull/,45
Mudbray,£96.00,96.0,9977,117 in stock,117,Donkey | Pokemon,Donkey | mudbray | Own Tempo,Donkey | Pokemon | mudbray | Own Tempo,4,"It has a stubborn, individualistic disposition. Eating dirt, making mud, and playing in the mire all form part of its daily routine.",https://scrapeme.live/shop/Mudbray/,45
Mudsdale,£111.00,111.0,6401,136 in stock,136,Draft Horse | Pokemon,Draft Horse | mudsdale | Own Tempo,Draft Horse | Pokemon | mudsdale | Own Tempo,4,"Its heavy, mud-covered kicks are its best means of attack, and it can reduce large trucks to scrap without breaking a sweat.",https://scrapeme.live/shop/Mudsdale/,45
Salandit,£158.00,158.0,7448,54 in stock,54,Pokemon | Toxic Lizard,Corrosion | salandit | Toxic Lizard,Pokemon | Toxic Lizard | Corrosion | salandit,4,"Volcanoes or dry, craggy places are its home. It emanates a sweet-smelling poisonous gas that attracts bug Pokémon, then attacks them.",https://scrapeme.live/shop/Salandit/,45
Salazzle,£166.00,166.0,4114,142 in stock,142,Pokemon | Toxic Lizard,Corrosion | salazzle | Toxic Lizard,Pokemon | Toxic Lizard | Corrosion | salazzle,4,"Filled with pheromones, its poisonous gas can be diluted to use in the production of luscious perfumes.",https://scrapeme.live/shop/Salazzle/,45
Shiinotic,£75.00,75.0,1758,123 in stock,123,Illuminating | Pokemon,Effect Spore | Illuminating | shiinotic,Illuminating | Pokemon | Effect Spore | shiinotic,4,"It emits flickering spores that cause drowsiness. When its prey succumb to sleep, this Pokémon feeds on them by sucking in their energy.",https://scrapeme.live/shop/Shiinotic/,45
Steenee,£27.00,27.0,9509,30 in stock,30,Fruit | Pokemon,fruit | Oblivious | steenee,Fruit | Pokemon | fruit | Oblivious | steenee,5,This Pokémon is always bouncing around energetically. Other Pokémon are attracted by its lively appearance and pleasant aroma.,https://scrapeme.live/shop/Steenee/,45
Stufful,£70.00,70.0,6729,69 in stock,69,Flailing | Pokemon,Flailing | Klutz | stufful,Flailing | Pokemon | Klutz | stufful,4,A touch from anyone except a known friend sends it into a surging frenzy. It’s an incredibly dangerous Pokémon.,https://scrapeme.live/shop/Stufful/,45
Toxapex,£91.00,91.0,2160,37 in stock,37,Brutal Star | Pokemon,Brutal Star | Limber | toxapex,Brutal Star | Pokemon | Limber | toxapex,4,"Those attacked by Toxapex’s poison will suffer intense pain for three days and three nights. Post-recovery, there will be some aftereffects.",https://scrapeme.live/shop/Toxapex/,45
Tsareena,£186.00,186.0,1097,96 in stock,96,Fruit | Pokemon,fruit | Leaf Guard | tsareena,Fruit | Pokemon | fruit | Leaf Guard | tsareena,5,"A Pokémon known for the beauty of its well-shaped legs, it sometimes appears as a mascot in advertisements for beauty salons.",https://scrapeme.live/shop/Tsareena/,45
Comfey,£28.00,28.0,1719,266 in stock,266,Pokemon | Posy Picker,comfey | Flower Veil | Posy Picker,Pokemon | Posy Picker | comfey | Flower Veil,4,"Baths prepared with the flowers from its vine have a relaxing effect, so this Pokémon is a hit with many people.",https://scrapeme.live/shop/Comfey/,46
Drampa,£133.00,133.0,7808,245 in stock,245,Placid | Pokemon,drampa | placid | Sap Sipper,Placid | Pokemon | drampa | placid | Sap Sipper,5,This Pokémon is friendly to people and loves children most of all. It comes from deep in the mountains to play with children it likes in town.,https://scrapeme.live/shop/Drampa/,46
Golisopod,£32.00,32.0,6420,10 in stock,10,Hard Scale | Pokemon,Emergency Exit | golisopod | Hard Scale,Hard Scale | Pokemon | Emergency Exit | golisopod,4,"It battles skillfully with its six arms, but spends most of its time peacefully meditating in caves deep beneath the sea.",https://scrapeme.live/shop/Golisopod/,46
Hakamo-o,£57.00,57.0,9648,288 in stock,288,Pokemon | Scaly,hakamo-o | Scaly | Soundproof,Pokemon | Scaly | hakamo-o | Soundproof,4,It sheds and regrows its scales on a continuous basis. The scales become harder and sharper each time they’re regrown.,https://scrapeme.live/shop/Hakamo-o/,46
Jangmo-o,£107.00,107.0,9665,140 in stock,140,Pokemon | Scaly,jangmo-o | Scaly | Soundproof,Pokemon | Scaly | jangmo-o | Soundproof,4,They live in mountains where no trace of humans can be detected. Jangmo-o grow little by little as they battle one another.,https://scrapeme.live/shop/Jangmo-o/,46
Komala,£65.00,65.0,4350,231 in stock,231,Drowsing | Pokemon,Comatose | Drowsing | komala,Drowsing | Pokemon | Comatose | komala,4,The log it holds was given to it by its parents at birth. It has also been known to cling to the arm of a friendly Trainer.,https://scrapeme.live/shop/Komala/,46
Kommo-o,£170.00,170.0,3513,121 in stock,121,Pokemon | Scaly,kommo-o | Scaly | Soundproof,Pokemon | Scaly | kommo-o | Soundproof,4,"Its rigid scales function as offense and defense. In the past, its scales were processed and used to make weapons and other commodities.",https://scrapeme.live/shop/Kommo-o/,46
Oranguru,£139.00,139.0,6539,241 in stock,241,Pokemon | Sage,Inner Focus | oranguru | Sage,Pokemon | Sage | Inner Focus | oranguru,4,"Deep in the jungle, high in the lofty canopy, this Pokémon abides. On rare occasions, it shows up at the beach to match wits with Slowking.",https://scrapeme.live/shop/Oranguru/,46
Palossand,£187.00,187.0,8991,19 in stock,19,Pokemon | Sand Castle,palossand | Sand Castle | Water Compaction,Pokemon | Sand Castle | palossand | Water Compaction,4,Buried beneath the castle are masses of dried-up bones from those whose vitality it has drained.,https://scrapeme.live/shop/Palossand/,46
Passimian,£182.00,182.0,8046,144 in stock,144,Pokemon | Teamwork,passimian | Receiver | Teamwork,Pokemon | Teamwork | passimian | Receiver,4,"They battle with hard berries for weapons. Their techniques are passed from the boss to the group, generation upon generation.",https://scrapeme.live/shop/Passimian/,46
Pyukumuku,£97.00,97.0,3988,191 in stock,191,Pokemon | Sea Cucumber,Innards Out | pyukumuku | Sea Cucumber,Pokemon | Sea Cucumber | Innards Out | pyukumuku,4,These Pokémon line the beaches. The sticky mucous that covers their bodies can be used to soothe sunburned skin. How convenient!,https://scrapeme.live/shop/Pyukumuku/,46
Sandygast,£131.00,131.0,7020,276 in stock,276,Pokemon | Sand Heap,Sand Heap | sandygast | Water Compaction,Pokemon | Sand Heap | sandygast | Water Compaction,4,It takes control of anyone who puts a hand in its mouth. And so it adds to the accumulation of its sand-mound body.,https://scrapeme.live/shop/Sandygast/,46
Silvally,£133.00,133.0,5805,64 in stock,64,Pokemon | Synthetic,RKS System | silvally | Synthetic,Pokemon | Synthetic | RKS System | silvally,4,"Although its name was Type: Null at first, the boy who evolved it into this form gave it the name by which it is now known.",https://scrapeme.live/shop/Silvally/,46
Togedemaru,£45.00,45.0,9583,78 in stock,78,Pokemon | Roly-Poly,Lightning Rod | Roly-Poly | togedemaru,Pokemon | Roly-Poly | Lightning Rod | togedemaru,4,The long hairs on its back act as lightning rods. The bolts of lightning it attracts are stored as energy in its electric sac.,https://scrapeme.live/shop/Togedemaru/,46
Turtonator,£117.00,117.0,4932,16 in stock,16,Blast Turtle | Pokemon,Blast Turtle | Shell Armor | turtonator,Blast Turtle | Pokemon | Shell Armor | turtonator,4,It gushes fire and poisonous gases from its nostrils. Its dung is an explosive substance and can be put to various uses.,https://scrapeme.live/shop/Turtonator/,46
Wimpod,£137.00,137.0,2207,87 in stock,87,Pokemon | Turn Tail,Turn Tail | Wimp Out | wimpod,Pokemon | Turn Tail | Wimp Out | wimpod,4,"Its habitat varies from beaches to seabeds. A natural scavenger, it will gleefully chow down on anything edible, no matter how rotten.",https://scrapeme.live/shop/Wimpod/,46
Buzzwole,£172.00,172.0,5256,43 in stock,43,Pokemon | Swollen,Beast Boost | buzzwole | Swollen,Pokemon | Swollen | Beast Boost | buzzwole,4,A mysterious life-form called an Ultra Beast. Witnesses saw it pulverize a dump truck with a single punch.,https://scrapeme.live/shop/Buzzwole/,47
Celesteela,£151.00,151.0,9458,58 in stock,58,Launch | Pokemon,Beast Boost | celesteela | Launch,Launch | Pokemon | Beast Boost | celesteela,4,One kind of Ultra Beast. Witnesses have seen it burn down a forest by expelling gas from its two arms.,https://scrapeme.live/shop/Celesteela/,47
Guzzlord,£73.00,73.0,3767,54 in stock,54,Junkivore | Pokemon,Beast Boost | guzzlord | Junkivore,Junkivore | Pokemon | Beast Boost | guzzlord,4,"A dangerous Ultra Beast, it appears to be eating constantly, but for some reason its droppings have never been found.",https://scrapeme.live/shop/Guzzlord/,47
Kartana,£197.00,197.0,8035,77 in stock,77,Drawn Sword | Pokemon,Beast Boost | Drawn Sword | kartana,Drawn Sword | Pokemon | Beast Boost | kartana,4,"One of the Ultra Beast life-forms, it was observed cutting down a gigantic steel tower with one stroke of its blade.",https://scrapeme.live/shop/Kartana/,47
Lunala,£58.00,58.0,3888,195 in stock,195,Moone | Pokemon,lunala | Moone | Shadow Shield,Moone | Pokemon | lunala | Shadow Shield,4,"Said to live in another world, this Pokémon devours light, drawing the moonless dark veil of night over the brightness of day.",https://scrapeme.live/shop/Lunala/,47
Marshadow,£107.00,107.0,1160,250 in stock,250,Gloomdweller | Pokemon,Gloomdweller | marshadow | Technician,Gloomdweller | Pokemon | marshadow | Technician,4,"It sinks into the shadows of people and Pokémon, where it can understand their feelings and copy their capabilities.",https://scrapeme.live/shop/Marshadow/,47
Necrozma,£68.00,68.0,6307,141 in stock,141,Pokemon | Prism,necrozma | Prism | Prism Armor,Pokemon | Prism | necrozma | Prism Armor,4,Light is apparently the source of its energy. It has an extraordinarily vicious disposition and is constantly firing off laser beams.,https://scrapeme.live/shop/Necrozma/,47
Nihilego,£67.00,67.0,6763,180 in stock,180,Parasite | Pokemon,Beast Boost | nihilego | Parasite,Parasite | Pokemon | Beast Boost | nihilego,4,"One of the Ultra Beasts. It’s unclear whether or not this Pokémon is sentient, but sometimes it can be observed behaving like a young girl.",https://scrapeme.live/shop/Nihilego/,47
Pheromosa,£62.00,62.0,4102,254 in stock,254,Lissome | Pokemon,Beast Boost | Lissome | pheromosa,Lissome | Pokemon | Beast Boost | pheromosa,4,"One of the Ultra Beasts. It refuses to touch anything, perhaps because it senses some uncleanness in this world.",https://scrapeme.live/shop/Pheromosa/,47
Poipole,£130.00,130.0,1771,21 in stock,21,Poison Pin | Pokemon,Beast Boost | poipole | Poison Pin,Poison Pin | Pokemon | Beast Boost | poipole,4,"An Ultra Beast that lives in a different world, it cackles wildly as it sprays its opponents with poison from the needles on its head.",https://scrapeme.live/shop/Poipole/,47
Solgaleo,£125.00,125.0,4928,260 in stock,260,Pokemon | Sunne,Full Metal Body | solgaleo | Sunne,Pokemon | Sunne | Full Metal Body | solgaleo,4,"This Pokémon is said to be a male evolution of Cosmog. At the activation of its third eye, it departs for another world.",https://scrapeme.live/shop/Solgaleo/,47
Tapu-bulu,£165.00,165.0,2204,175 in stock,175,Land Spirit | Pokemon,Grassy Surge | Land Spirit | tapu-bulu,Land Spirit | Pokemon | Grassy Surge | tapu-bulu,4,The guardian deity of Ula’ula is a lazy Pokémon. It commands plants to immobilize its foes and then deals them a savage blow with its horns.,https://scrapeme.live/shop/Tapu-bulu/,47
Tapu-fini,£123.00,123.0,5525,206 in stock,206,Land Spirit | Pokemon,Land Spirit | Misty Surge | tapu-fini,Land Spirit | Pokemon | Misty Surge | tapu-fini,4,"The guardian deity of Poni, it can control water. People say it can create pure water that will wash away any uncleanness.",https://scrapeme.live/shop/Tapu-fini/,47
Tapu-koko,£159.00,159.0,9744,215 in stock,215,Land Spirit | Pokemon,Electric Surge | Land Spirit | tapu-koko,Land Spirit | Pokemon | Electric Surge | tapu-koko,4,It confuses its enemies by flying too quickly for the eye to follow. It has a hair-trigger temper but forgets what made it angry an instant later.,https://scrapeme.live/shop/Tapu-koko/,47
Tapu-lele,£62.00,62.0,3073,71 in stock,71,Land Spirit | Pokemon,Land Spirit | Psychic Surge | tapu-lele,Land Spirit | Pokemon | Psychic Surge | tapu-lele,4,"As it flutters about, it scatters its strangely glowing scales. Touching them is said to restore good health on the spot.",https://scrapeme.live/shop/Tapu-lele/,47
Xurkitree,£174.00,174.0,3791,120 in stock,120,Glowing | Pokemon,Beast Boost | Glowing | xurkitree,Glowing | Pokemon | Beast Boost | xurkitree,4,"It appeared from the Ultra Wormhole. It raided a power plant, so people think it energizes itself with electricity.",https://scrapeme.live/shop/Xurkitree/,47
Blacephalon,£149.00,149.0,8843,205 in stock,205,Fireworks | Pokemon,Beast Boost | blacephalon | Fireworks,Fireworks | Pokemon | Beast Boost | blacephalon,4,"A UB that appeared from an Ultra Wormhole, it causes explosions, then takes advantage of opponents’ surprise to rob them of their vitality.",https://scrapeme.live/shop/Blacephalon/,48
Naganadel,£30.00,30.0,9798,255 in stock,255,Poison Pin | Pokemon,Beast Boost | naganadel | Poison Pin,Poison Pin | Pokemon | Beast Boost | naganadel,4,"One kind of Ultra Beast, it fires a glowing, venomous liquid from its needles. This liquid is also immensely adhesive.",https://scrapeme.live/shop/Naganadel/,48
Stakataka,£190.00,190.0,1947,210 in stock,210,Pokemon | Rampart,Beast Boost | Rampart | stakataka,Pokemon | Rampart | Beast Boost | stakataka,4,"When stone walls started moving and attacking, the brute’s true identity was this mysterious life-form, which brings to mind an Ultra Beast.",https://scrapeme.live/shop/Stakataka/,48
